link,title,state
https://8columnas.com.mx/estado-de-mexico/detienen-sujeto-atacar-mujer-san-mateo-otzacatipan/,Detienen a un sujeto por atacar a una mujer San Mateo Otzacatipan,edo
https://8columnas.com.mx/nacional/sheinbaum-firma-decreto-para-consolidar-derechos-de-las-mujeres/,Sheinbaum firma decreto para consolidar derechos de las mujeres,edo
https://8columnas.com.mx/estado-de-mexico/arrollan-mujer-paseo-tollocan-pino-suarez/,Arrollan a una mujer en Paseo Tollocan y Pino Suárez,edo
https://8columnas.com.mx/local/tragedia-arrollan-a-mujer-en-calzada-al-pacifico-en-capultitlan/,Tragedia; arrollan a mujer en Calzada Al Pacifico en Capultitlán,edo
https://8columnas.com.mx/estado-de-mexico/concaem-coadyuva-para-abrir-espacios-laborales-a-mujeres-en-reclusion/,CONCAEM coadyuva para abrir espacios laborales a mujeres en reclusión,edo
https://8columnas.com.mx/estado-de-mexico/secretaria-de-la-mujer-pide-a-municipios-combatir-violencia-de-genero/,Secretaría de la Mujer pide a municipios combatir violencia de género,edo
https://8columnas.com.mx/estado-de-mexico/lamentable-accidente-en-la-toluca-naucalpan-deja-una-mujer-sin-vida/,Lamentable; accidente en la Toluca-Naucalpan deja una mujer sin vida,edo
https://8columnas.com.mx/seguridad/ataca-dos-mujeres-toluca-esta-detenido/,Ataca a dos mujeres en Toluca; ya está detenido,edo
https://8columnas.com.mx/nacional/sheinbaum-presenta-campana-es-tiempo-de-mujeres-sin-violencia/,Sheinbaum presenta campaña “¡Es tiempo de mujeres sin violencia!”,edo
https://8columnas.com.mx/estado-de-mexico/lamentable-atropellan-a-una-mujer-en-la-via-toluca-zitacuaro/,Lamentable; atropellan a una mujer en la vía Toluca-Zitácuaro,edo
https://8columnas.com.mx/estado-de-mexico/rinde-protesta-como-presidente-de-almoloya-de-juarez-adolfo-solis/,"Rinde protesta como presidente de Almoloya de Juárez, Adolfo Solís",edo
https://8columnas.com.mx/estado-de-mexico/se-mantiene-en-edomex-tendencia-a-la-baja-en-homicidio-doloso/,Se mantiene en Edoméx tendencia a la baja en homicidio doloso,edo
https://8columnas.com.mx/internacional/petro-vendera-residencia-embajador-mexico-mejorar-servicios-consulares/,Petro venderá la residencia del embajador en México para mejorar servicios consulares,edo
https://8columnas.com.mx/internacional/tiktok-enfrenta-investigacion-de-la-ue-por-presunta-interferencia-en-elecciones-presidenciales-de-rumania/,TikTok enfrenta investigación de la UE por presunta interferencia en elecciones presidenciales de Rumanía,edo
https://8columnas.com.mx/estado-de-mexico/dialogos-para-la-mujer-reunio-a-mas-de-500-mujeres/,Diálogos para la Mujer reunió a más de 500 mujeres,edo
https://8columnas.com.mx/estado-de-mexico/ataca-a-una-mujer-y-lo-detiene-la-policia-en-edomex/,Ataca a una mujer y lo detiene la policía en Edomex,edo
https://8columnas.com.mx/espectaculos/angela-aguilar-recibe-premio-mujer-del-ano/,Ángela Aguilar recibe el premio a la “Mujer del Año”,edo
https://8columnas.com.mx/estado-de-mexico/mujeres-con-bienestar-podria-ser-permanente/,“Mujeres con Bienestar” podría ser permanente,edo
https://8columnas.com.mx/estado-de-mexico/tras-las-rejas-sujeto-ataco-mujer-zinacantepec/,Tras las rejas un sujeto que atacó a una mujer en Zinacantepec,edo
https://8columnas.com.mx/estado-de-mexico/se-han-liberado-a-18-mujeres-bajo-la-modalidad-de-amnistia-codhem/,Se han liberado a 18 mujeres bajo la modalidad de amnistía: Codhem,edo
https://8columnas.com.mx/estado-de-mexico/secretaria-de-la-mujer-trabaja-en-campana-yo-decido-mi-futuro/,Secretaria de la Mujer trabaja en campaña “Yo decido mi futuro”,edo
https://8columnas.com.mx/estado-de-mexico/reconoce-anuies-a-mujeres-destacadas-de-la-uaemex-por-promover-la-igualdad/,Reconoce ANUIES a Mujeres Destacadas de la UAEMéx por Promover la Igualdad,edo
https://8columnas.com.mx/estado-de-mexico/dan-seguimiento-acciones-seguridad-mujeres/,Dan seguimiento a las acciones para la seguridad de las mujeres,edo
https://8columnas.com.mx/estado-de-mexico/uaemex-abre-dialogo-sobre-retos-de-la-imagen-de-las-mujeres-en-los-medios-de-comunicacion/,UAEMéx abre diálogo sobre retos de la imagen de las mujeres en los medios de comunicación,edo
https://8columnas.com.mx/estado-de-mexico/rinde-protesta-como-presidente-de-almoloya-de-juarez-adolfo-solis/,"Rinde protesta como presidente de Almoloya de Juárez, Adolfo Solís",edo
https://8columnas.com.mx/estado-de-mexico/se-mantiene-en-edomex-tendencia-a-la-baja-en-homicidio-doloso/,Se mantiene en Edoméx tendencia a la baja en homicidio doloso,edo
https://8columnas.com.mx/internacional/petro-vendera-residencia-embajador-mexico-mejorar-servicios-consulares/,Petro venderá la residencia del embajador en México para mejorar servicios consulares,edo
https://8columnas.com.mx/internacional/tiktok-enfrenta-investigacion-de-la-ue-por-presunta-interferencia-en-elecciones-presidenciales-de-rumania/,TikTok enfrenta investigación de la UE por presunta interferencia en elecciones presidenciales de Rumanía,edo
https://8columnas.com.mx/estado-de-mexico/respaldaran-a-mas-300-mil-mujeres-del-edomex/,Respaldarán a más 300 mil mujeres del Edoméx,edo
https://8columnas.com.mx/cdmx/shakira-anuncia-una-fecha-mas-en-cdmx-para-las-mujeres-ya-no-lloran-world-tour/,Shakira anuncia una fecha más en CDMX para “Las Mujeres Ya No Lloran World Tour”,edo
https://8columnas.com.mx/estado-de-mexico/pension-mujeres-bienestar-beneficiara-a-mujeres-de-sfp-y-temoaya/,Pensión Mujeres Bienestar beneficiará a mujeres de SFP y Temoaya,edo
https://8columnas.com.mx/local/vaya-susto-mujer-tira-reja-de-servicios-administrativos/,Vaya susto; mujer tira reja de servicios administrativos,edo
https://8columnas.com.mx/nacional/gobierno-de-sheinbaum-presenta-reformas-en-favor-de-las-mujeres/,Gobierno de Sheinbaum presenta reformas en favor de las mujeres,edo
https://8columnas.com.mx/estado-de-mexico/revisa-secretaria-de-la-mujer-presupuesto-2024/,Revisa Secretaría de la Mujer presupuesto 2024,edo
https://8columnas.com.mx/local/investigan-muerte-de-una-mujer-hallada-en-toluca/,Investigan muerte de una mujer hallada en Toluca,edo
https://8columnas.com.mx/estado-de-mexico/analizan-la-participacion-politica-de-mujeres-indigenas/,Analizan la participación política de mujeres indígenas,edo
https://8columnas.com.mx/local/fallece-mujer-atropellada-cerca-de-las-torres-bicentenario/,Fallece mujer atropellada cerca de las Torres Bicentenario,edo
https://8columnas.com.mx/estado-de-mexico/arrollan-a-mujer-sobre-bulevar-miguel-aleman-frente-al-c5/,Arrollan a mujer sobre bulevar Miguel Alemán frente al C5,edo
https://8columnas.com.mx/estado-de-mexico/rinde-protesta-como-presidente-de-almoloya-de-juarez-adolfo-solis/,"Rinde protesta como presidente de Almoloya de Juárez, Adolfo Solís",edo
https://8columnas.com.mx/estado-de-mexico/se-mantiene-en-edomex-tendencia-a-la-baja-en-homicidio-doloso/,Se mantiene en Edoméx tendencia a la baja en homicidio doloso,edo
https://8columnas.com.mx/internacional/petro-vendera-residencia-embajador-mexico-mejorar-servicios-consulares/,Petro venderá la residencia del embajador en México para mejorar servicios consulares,edo
https://8columnas.com.mx/internacional/tiktok-enfrenta-investigacion-de-la-ue-por-presunta-interferencia-en-elecciones-presidenciales-de-rumania/,TikTok enfrenta investigación de la UE por presunta interferencia en elecciones presidenciales de Rumanía,edo
https://8columnas.com.mx/estado-de-mexico/seis-mujeres-logran-libertad-anticipada-tras-gestion-del-gem/,Seis mujeres logran libertad anticipada tras gestión del GEM,edo
https://8columnas.com.mx/estado-de-mexico/sandra-veronica-acevedo-vera-nueva-comisionada-estatal-de-lex-oma-mujeres/,"Sandra Verónica Acevedo Vera, nueva Comisionada Estatal de Lex OMA Mujeres",edo
https://8columnas.com.mx/local/disparan-contra-una-mujer-en-kfc-de-toluca/,Disparan contra una mujer en KFC de Toluca,edo
https://8columnas.com.mx/estado-de-mexico/bloquean-paseo-tollocan-tras-desaparicion-de-mujer-en-san-mateo-atenco/,Bloquean Paseo Tollocan tras desaparición de mujer en San Mateo Atenco,edo
https://8columnas.com.mx/seguridad/mujer-asaltaba-a-peatones-en-zinacantepec-ya-esta-detenida/,Mujer asaltaba a peatones en Zinacantepec; ya está detenida,edo
https://8columnas.com.mx/estado-de-mexico/atrapan-a-mujer-que-golpea-a-su-hijo-en-ecatepec/,Atrapan a mujer que golpea a su hijo en Ecatepec,edo
https://8columnas.com.mx/sin-categoria-s/refuerzan-estrategia-contra-violencia-hacia-mujeres-y-ninas/,Refuerzan estrategia contra violencia hacia mujeres y niñas,edo
https://8columnas.com.mx/cdmx/ataque-contra-mujer-difundio-en-redes-sociales-fue-en-la-ciudad-de-mexico/,Ataque contra mujer difundió en redes sociales fue en la Ciudad de México,edo
https://8columnas.com.mx/estado-de-mexico/2024-cerrara-con-650-mil-tarjetas-de-mujeres-con-bienestar/,2024 cerrará con 650 mil tarjetas de “Mujeres con Bienestar”,edo
https://8columnas.com.mx/seguridad/atrapan-a-sujeto-que-golpeo-a-tres-mujeres-en-toluca/,Atrapan a sujeto que golpeó a tres mujeres en Toluca,edo
https://8columnas.com.mx/estado-de-mexico/rinde-protesta-como-presidente-de-almoloya-de-juarez-adolfo-solis/,"Rinde protesta como presidente de Almoloya de Juárez, Adolfo Solís",edo
https://8columnas.com.mx/estado-de-mexico/se-mantiene-en-edomex-tendencia-a-la-baja-en-homicidio-doloso/,Se mantiene en Edoméx tendencia a la baja en homicidio doloso,edo
https://8columnas.com.mx/internacional/petro-vendera-residencia-embajador-mexico-mejorar-servicios-consulares/,Petro venderá la residencia del embajador en México para mejorar servicios consulares,edo
https://8columnas.com.mx/internacional/tiktok-enfrenta-investigacion-de-la-ue-por-presunta-interferencia-en-elecciones-presidenciales-de-rumania/,TikTok enfrenta investigación de la UE por presunta interferencia en elecciones presidenciales de Rumanía,edo
https://8columnas.com.mx/local/capturan-a-una-mujer-por-violencia-familiar-en-toluca/,Capturan a una mujer por violencia familiar en Toluca,edo
https://8columnas.com.mx/estado-de-mexico/impulsa-nazario-gutierrez-martinez-transporte-rosa-para-mujeres-en-el-estado-de-mexico/,Impulsa Nazario Gutiérrez Martínez «transporte rosa» para mujeres en el Estado de México,edo
https://8columnas.com.mx/estado-de-mexico/obtiene-codhem-segunda-amnistia-del-2024-para-una-mujer-en-neza/,Obtiene CODHEM segunda Amnistía del 2024 para una mujer en Neza,edo
https://8columnas.com.mx/deportes/seleccion-femenil-de-futbol-de-uaemex-inspira-a-mujeres-universitarias/,Selección femenil de fútbol de UAEMéx inspira a mujeres universitarias,edo
https://8columnas.com.mx/estado-de-mexico/derivado-del-pasado-proceso-electoral-676-mujeres-estaran-en-puestos-de-decision/,"Derivado del pasado Proceso Electoral, 676 mujeres estarán en puestos de decisión",edo
https://8columnas.com.mx/estado-de-mexico/uaemex-y-secretaria-de-las-mujeres-colaboran-para-impulsar-la-equidad-de-genero/,UAEMéx y Secretaría de las Mujeres colaboran para impulsar la equidad de género,edo
https://8columnas.com.mx/estado-de-mexico/inmujeres-y-gem-firman-cuatro-compromisos-por-la-igualdad-y-el-bienestar/,INMUJERES y GEM firman cuatro compromisos por la Igualdad y el Bienestar,edo
https://8columnas.com.mx/estado-de-mexico/se-registran-mas-de-150-a-la-red-de-mujeres-electas/,Se registran más de 150 a la Red de Mujeres Electas,edo
https://8columnas.com.mx/local/encuentran-a-mujer-asesinada-en-parque-industrial-dona-rosa/,Encuentran a mujer asesinada en parque industrial Doña Rosa,edo
https://8columnas.com.mx/estado-de-mexico/codhem-presenta-dh-magazine-en-ciudad-mujeres-san-mateo-atenco/,CODHEM Presenta “DH Magazine” en Ciudad Mujeres San Mateo Atenco,edo
https://8columnas.com.mx/estado-de-mexico/rinde-protesta-como-presidente-de-almoloya-de-juarez-adolfo-solis/,"Rinde protesta como presidente de Almoloya de Juárez, Adolfo Solís",edo
https://8columnas.com.mx/estado-de-mexico/se-mantiene-en-edomex-tendencia-a-la-baja-en-homicidio-doloso/,Se mantiene en Edoméx tendencia a la baja en homicidio doloso,edo
https://8columnas.com.mx/internacional/petro-vendera-residencia-embajador-mexico-mejorar-servicios-consulares/,Petro venderá la residencia del embajador en México para mejorar servicios consulares,edo
https://8columnas.com.mx/internacional/tiktok-enfrenta-investigacion-de-la-ue-por-presunta-interferencia-en-elecciones-presidenciales-de-rumania/,TikTok enfrenta investigación de la UE por presunta interferencia en elecciones presidenciales de Rumanía,edo
https://8columnas.com.mx/seguridad/reintegra-gem-a-mujer-privada-de-su-libertad-a-hogar/,Reintegra GEM a mujer privada de su libertad a hogar,edo
https://8columnas.com.mx/estado-de-mexico/autobus-arrolla-a-una-mujer-en-metepec/,Autobús arrolla a una mujer en Metepec,edo
https://8columnas.com.mx/local/atropellan-a-mujer-frente-a-conservatorio-de-musica-en-toluca/,Atropellan a mujer frente a Conservatorio de Música en Toluca,edo
https://8columnas.com.mx/estado-de-mexico/localizan-a-mujer-desaparecida-desde-el-2022-en-edomex/,Localizan a mujer desaparecida desde el 2022 en Edomex,edo
https://8columnas.com.mx/estado-de-mexico/se-compromete-melissa-vargas-a-abatir-la-inseguridad-y-la-violencia-contra-la-mujer-en-toluca/,Se compromete Melissa Vargas a abatir la inseguridad y la violencia contra la mujer en Toluca,edo
https://8columnas.com.mx/local/proteccion-a-mujeres-sera-fundamental-para-el-desarrollo-de-toluca/,Protección a mujeres será fundamental para el desarrollo de Toluca,edo
https://8columnas.com.mx/estado-de-mexico/en-la-campana-de-edna-talavera-mercado-es-tiempo-de-mujeres/,En la campaña de Edna Talavera mercado “Es tiempo de mujeres”,edo
https://8columnas.com.mx/estado-de-mexico/tenia-a-27-perritos-con-desnutricion-en-edomex-ahora-mujer-es-procesada/,Tenía a 27 perritos con desnutrición en Edomex; ahora mujer es procesada,edo
https://8columnas.com.mx/estado-de-mexico/dan-prision-preventiva-a-influencer-que-golpeo-a-una-mujer-en-naucalpan/,Dan prisión preventiva a influencer que golpeó a una mujer en Naucalpan,edo
https://8columnas.com.mx/estado-de-mexico/se-publica-la-guia-para-atender-la-violencia-politica-contra-las-mujeres/,Se publica la guía para atender la violencia política contra las mujeres,edo
https://8columnas.com.mx/estado-de-mexico/rinde-protesta-como-presidente-de-almoloya-de-juarez-adolfo-solis/,"Rinde protesta como presidente de Almoloya de Juárez, Adolfo Solís",edo
https://8columnas.com.mx/estado-de-mexico/se-mantiene-en-edomex-tendencia-a-la-baja-en-homicidio-doloso/,Se mantiene en Edoméx tendencia a la baja en homicidio doloso,edo
https://8columnas.com.mx/internacional/petro-vendera-residencia-embajador-mexico-mejorar-servicios-consulares/,Petro venderá la residencia del embajador en México para mejorar servicios consulares,edo
https://8columnas.com.mx/internacional/tiktok-enfrenta-investigacion-de-la-ue-por-presunta-interferencia-en-elecciones-presidenciales-de-rumania/,TikTok enfrenta investigación de la UE por presunta interferencia en elecciones presidenciales de Rumanía,edo
https://8columnas.com.mx/estado-de-mexico/codhem-capacita-a-mujeres-trans-sobre-transfeminismo/,CODHEM capacita a mujeres trans sobre transfeminismo,edo
https://8columnas.com.mx/estado-de-mexico/secretaria-de-las-mujeres-estara-disponible-durante-vacaciones/,Secretaría de las Mujeres estará disponible durante vacaciones,edo
https://8columnas.com.mx/estado-de-mexico/gobierno-de-ixtlahuaca-acerca-servicios-de-salud-para-la-mujer/,Gobierno de Ixtlahuaca acerca servicios de salud para la mujer,edo
https://8columnas.com.mx/estado-de-mexico/mujeres-autosuficientes-evitan-ser-maltratadas-pj/,"Mujeres autosuficientes, evitan ser maltratadas: PJ",edo
https://8columnas.com.mx/estado-de-mexico/conmemoran-en-tlalnepantla-el-dia-internacional-de-la-mujer/,Conmemoran en Tlalnepantla el Día Internacional de la Mujer,edo
https://8columnas.com.mx/estado-de-mexico/tragedia-fallece-mujer-sobre-la-via-mexico-toluca/,Tragedia; fallece mujer sobre la vía México-Toluca,edo
https://8columnas.com.mx/estado-de-mexico/en-el-edomex-mexico-las-mujeres-no-estan-solas/,"En el Edoméx México, ¡las mujeres no están solas!",edo
https://8columnas.com.mx/estado-de-mexico/fomentan-la-participacion-y-reconocimiento-de-mujeres-en-tlalnepantla/,Fomentan la participación y reconocimiento de Mujeres en Tlalnepantla»,edo
https://8columnas.com.mx/estado-de-mexico/biker-y-mujer-salen-heridos-en-accidente-en-atlacomulco/,Biker y mujer salen heridos en accidente en Atlacomulco,edo
https://8columnas.com.mx/estado-de-mexico/marzo-ofrece-uaemex-paquetes-de-atencion-medica-para-salvaguardar-la-salud-de-las-mujeres/,Marzo: ofrece UAEMéx paquetes de atención médica para salvaguardar la salud de las mujeres,edo
https://8columnas.com.mx/estado-de-mexico/rinde-protesta-como-presidente-de-almoloya-de-juarez-adolfo-solis/,"Rinde protesta como presidente de Almoloya de Juárez, Adolfo Solís",edo
https://8columnas.com.mx/estado-de-mexico/se-mantiene-en-edomex-tendencia-a-la-baja-en-homicidio-doloso/,Se mantiene en Edoméx tendencia a la baja en homicidio doloso,edo
https://8columnas.com.mx/internacional/petro-vendera-residencia-embajador-mexico-mejorar-servicios-consulares/,Petro venderá la residencia del embajador en México para mejorar servicios consulares,edo
https://8columnas.com.mx/internacional/tiktok-enfrenta-investigacion-de-la-ue-por-presunta-interferencia-en-elecciones-presidenciales-de-rumania/,TikTok enfrenta investigación de la UE por presunta interferencia en elecciones presidenciales de Rumanía,edo
https://8columnas.com.mx/estado-de-mexico/entregan-kits-de-plomeria-y-electricidad-a-mujeres-de-ixtlahuaca/,Entregan kits de plomería y electricidad a mujeres de Ixtlahuaca,edo
https://8columnas.com.mx/estado-de-mexico/tlalnepantla-aprueba-reglas-de-operacion-de-mujer-emprendedora-empoderate/,Tlalnepantla aprueba reglas de operación de “Mujer emprendedora empodérate”,edo
https://8columnas.com.mx/local/buscan-a-tres-mujeres-ladronas-en-centro-joyero-toluca/,Buscan a tres mujeres ladronas en Centro Joyero Toluca,edo
https://8columnas.com.mx/estado-de-mexico/brindar-seguridad-y-desarrollo-a-las-mujeres-uno-de-los-objetivos-del-gem/,"Brindar seguridad y desarrollo a las mujeres, uno de los objetivos del GEM",edo
https://8columnas.com.mx/estado-de-mexico/mas-metro-emplear-a-jovenes-convertir-basura-en-energia-seguridad-para-mujeres-y-bienestar-en-seres-sintientes-impulsa-el-pvem/,"“Más Metro”, emplear a jóvenes, convertir basura en energía, seguridad para mujeres y bienestar en seres sintientes impulsa el PVEM",edo
https://8columnas.com.mx/estado-de-mexico/entregara-gem-del-12-al-24-de-febrero-las-tarjetas-mujeres-con-bienestar/,Entregará GEM del 12 al 24 de febrero las tarjetas Mujeres con Bienestar,edo
https://8columnas.com.mx/estado-de-mexico/publican-reglas-de-operacion-de-la-segunda-etapa-de-mujeres-con-bienestar/,Publican Reglas de Operación de la segunda etapa de “Mujeres con Bienestar”,edo
https://8columnas.com.mx/estado-de-mexico/cae-mujer-mientras-exploraba-el-nevado-de-toluca/,Cae mujer mientras exploraba el Nevado de Toluca,edo
https://8columnas.com.mx/estado-de-mexico/pjem-atendio-a-mas-de-3-mil-personas-en-ciudad-mujeres/,PJEM atendió a más de 3 mil personas en Ciudad Mujeres,edo
https://8columnas.com.mx/estado-de-mexico/programa-mujeres-con-bienestar-llega-a-san-felipe-del-progreso/,Programa “Mujeres con Bienestar” llega a San Felipe del Progreso,edo
https://8columnas.com.mx/estado-de-mexico/rinde-protesta-como-presidente-de-almoloya-de-juarez-adolfo-solis/,"Rinde protesta como presidente de Almoloya de Juárez, Adolfo Solís",edo
https://8columnas.com.mx/estado-de-mexico/se-mantiene-en-edomex-tendencia-a-la-baja-en-homicidio-doloso/,Se mantiene en Edoméx tendencia a la baja en homicidio doloso,edo
https://8columnas.com.mx/internacional/petro-vendera-residencia-embajador-mexico-mejorar-servicios-consulares/,Petro venderá la residencia del embajador en México para mejorar servicios consulares,edo
https://8columnas.com.mx/internacional/tiktok-enfrenta-investigacion-de-la-ue-por-presunta-interferencia-en-elecciones-presidenciales-de-rumania/,TikTok enfrenta investigación de la UE por presunta interferencia en elecciones presidenciales de Rumanía,edo
https://8columnas.com.mx/local/muere-mujer-en-autobus-en-la-terminal-de-toluca/,Muere mujer en autobús en la Terminal de Toluca,edo
https://8columnas.com.mx/estado-de-mexico/a-partir-de-esta-semana-mujeres-con-tarjeta-del-bienestar-comenzaran-a-recibir-el-apoyo/,"A partir de esta, semana mujeres con Tarjeta del Bienestar comenzarán a recibir el apoyo",edo
https://8columnas.com.mx/estado-de-mexico/en-san-antonio-la-isla-las-mujeres-saben-gobernar-y-saben-hacerlo-bien-liz-marlene-sandoval-colindres/,En San Antonio la Isla las mujeres saben gobernar y saben hacerlo bien Liz Marlene Sandoval Colindres,edo
https://8columnas.com.mx/estado-de-mexico/sera-en-breve-cuando-inicie-la-entrega-de-la-tarjeta-mujeres-con-bienestar/,Será en breve cuando inicie la entrega de la Tarjeta “Mujeres con Bienestar”,edo
https://8columnas.com.mx/estado-de-mexico/como-entrar-al-programa-mujeres-con-bienestar-en-el-edomex/,¿Cómo entrar al programa Mujeres con Bienestar en el Edoméx?,edo
https://8columnas.com.mx/estado-de-mexico/mas-de-190-mil-se-registran-al-programa-mujeres-con-bienestar/,Más de 190 mil se registran al programa “Mujeres con Bienestar”,edo
https://8columnas.com.mx/estado-de-mexico/tarjeta-mujeres-con-bienestar-se-entregara-sin-condicionamientos/,Tarjeta Mujeres con Bienestar se entregará sin condicionamientos,edo
https://8columnas.com.mx/estado-de-mexico/localizan-sin-vida-a-una-mujer-en-san-pablo-autopan/,Localizan sin vida a una mujer en San Pablo Autopan,edo
https://8columnas.com.mx/estado-de-mexico/dan-a-conocer-el-mecanismo-de-operacion-de-mujeres-con-bienestar/,Dan a conocer el mecanismo de operación de Mujeres con Bienestar,edo
https://8columnas.com.mx/estado-de-mexico/localizan-a-mujer-sin-vida-en-puente-calderon-en-ixtapan-de-la-sal/,Localizan a mujer sin vida en puente Calderon en Ixtapan de la Sal,edo
https://8columnas.com.mx/estado-de-mexico/rinde-protesta-como-presidente-de-almoloya-de-juarez-adolfo-solis/,"Rinde protesta como presidente de Almoloya de Juárez, Adolfo Solís",edo
https://8columnas.com.mx/estado-de-mexico/se-mantiene-en-edomex-tendencia-a-la-baja-en-homicidio-doloso/,Se mantiene en Edoméx tendencia a la baja en homicidio doloso,edo
https://8columnas.com.mx/internacional/petro-vendera-residencia-embajador-mexico-mejorar-servicios-consulares/,Petro venderá la residencia del embajador en México para mejorar servicios consulares,edo
https://8columnas.com.mx/internacional/tiktok-enfrenta-investigacion-de-la-ue-por-presunta-interferencia-en-elecciones-presidenciales-de-rumania/,TikTok enfrenta investigación de la UE por presunta interferencia en elecciones presidenciales de Rumanía,edo
https://8columnas.com.mx/local/fallece-una-mujer-en-avenida-las-torres-en-toluca/,Fallece una mujer en Avenida Las Torres en Toluca,edo
https://8columnas.com.mx/local/atropellan-a-mujer-san-buenaventura/,Atropellan a mujer San Buenaventura,edo
https://8columnas.com.mx/espectaculos/haran-prueba-de-adn-a-una-mujer-que-podria-ser-la-mama-de-luis-miguel/,Harán prueba de ADN a una mujer que podría ser la mamá de Luis Miguel,edo
https://8columnas.com.mx/estado-de-mexico/pendiente-abrir-espacios-politicos-a-mujeres-en-el-ambito-municipal/,Pendiente abrir espacios políticos a mujeres en el ámbito municipal,edo
https://8columnas.com.mx/estado-de-mexico/fallece-mujer-motociclista-en-la-via-atlacomulco-toluca/,Fallece mujer motociclista en la vía Atlacomulco-Toluca,edo
https://8columnas.com.mx/internacional/iran-aprueba-iniciativa-que-endurece-castigos-para-mujeres-que-no-usen-el-velo/,Irán aprueba iniciativa que endurece castigos para mujeres que no usen el velo,edo
https://8columnas.com.mx/local/mujer-resulta-herida-de-bala-en-paseo-tollocan/,Mujer resulta herida de bala en Paseo Tollocan,edo
https://8columnas.com.mx/local/fallece-una-mujer-en-accidente-sobre-la-carretera-toluca-palmillas/,Fallece una mujer en accidente sobre la carretera Toluca-Palmillas,edo
https://8columnas.com.mx/deportes/f1-academy-de-mujeres-2024-todas-las-escuderias-se-unen-a-la-iniciativa/,F1 Academy de Mujeres 2024: Todas las escuderías se unen a la iniciativa,edo
https://8columnas.com.mx/internacional/asesinan-a-una-mujer-despues-de-una-discusion-sobre-bandera-del-orgullo-lgbtq/,Asesinan a una mujer después de una discusión sobre bandera del orgullo LGBTQ+,edo
https://8columnas.com.mx/estado-de-mexico/rinde-protesta-como-presidente-de-almoloya-de-juarez-adolfo-solis/,"Rinde protesta como presidente de Almoloya de Juárez, Adolfo Solís",edo
https://8columnas.com.mx/estado-de-mexico/se-mantiene-en-edomex-tendencia-a-la-baja-en-homicidio-doloso/,Se mantiene en Edoméx tendencia a la baja en homicidio doloso,edo
https://8columnas.com.mx/internacional/petro-vendera-residencia-embajador-mexico-mejorar-servicios-consulares/,Petro venderá la residencia del embajador en México para mejorar servicios consulares,edo
https://8columnas.com.mx/internacional/tiktok-enfrenta-investigacion-de-la-ue-por-presunta-interferencia-en-elecciones-presidenciales-de-rumania/,TikTok enfrenta investigación de la UE por presunta interferencia en elecciones presidenciales de Rumanía,edo
