link,title,keyword,state
https://8columnas.com.mx/estado-de-mexico/detienen-sujeto-atacar-mujer-san-mateo-otzacatipan/,Detienen a un sujeto por atacar a una mujer San Mateo Otzacatipan,mujer,edo
https://8columnas.com.mx/nacional/sheinbaum-firma-decreto-para-consolidar-derechos-de-las-mujeres/,Sheinbaum firma decreto para consolidar derechos de las mujeres,mujer,edo
https://8columnas.com.mx/estado-de-mexico/arrollan-mujer-paseo-tollocan-pino-suarez/,Arrollan a una mujer en Paseo Tollocan y Pino Suárez,mujer,edo
https://8columnas.com.mx/local/tragedia-arrollan-a-mujer-en-calzada-al-pacifico-en-capultitlan/,Tragedia; arrollan a mujer en Calzada Al Pacifico en Capultitlán,mujer,edo
https://8columnas.com.mx/estado-de-mexico/concaem-coadyuva-para-abrir-espacios-laborales-a-mujeres-en-reclusion/,CONCAEM coadyuva para abrir espacios laborales a mujeres en reclusión,mujer,edo
https://8columnas.com.mx/estado-de-mexico/secretaria-de-la-mujer-pide-a-municipios-combatir-violencia-de-genero/,Secretaría de la Mujer pide a municipios combatir violencia de género,mujer,edo
https://8columnas.com.mx/estado-de-mexico/lamentable-accidente-en-la-toluca-naucalpan-deja-una-mujer-sin-vida/,Lamentable; accidente en la Toluca-Naucalpan deja una mujer sin vida,mujer,edo
https://8columnas.com.mx/seguridad/ataca-dos-mujeres-toluca-esta-detenido/,Ataca a dos mujeres en Toluca; ya está detenido,mujer,edo
https://8columnas.com.mx/nacional/sheinbaum-presenta-campana-es-tiempo-de-mujeres-sin-violencia/,Sheinbaum presenta campaña “¡Es tiempo de mujeres sin violencia!”,mujer,edo
https://8columnas.com.mx/estado-de-mexico/lamentable-atropellan-a-una-mujer-en-la-via-toluca-zitacuaro/,Lamentable; atropellan a una mujer en la vía Toluca-Zitácuaro,mujer,edo
https://8columnas.com.mx/estado-de-mexico/dialogos-para-la-mujer-reunio-a-mas-de-500-mujeres/,Diálogos para la Mujer reunió a más de 500 mujeres,mujer,edo
https://8columnas.com.mx/estado-de-mexico/ataca-a-una-mujer-y-lo-detiene-la-policia-en-edomex/,Ataca a una mujer y lo detiene la policía en Edomex,mujer,edo
https://8columnas.com.mx/espectaculos/angela-aguilar-recibe-premio-mujer-del-ano/,Ángela Aguilar recibe el premio a la “Mujer del Año”,mujer,edo
https://8columnas.com.mx/estado-de-mexico/mujeres-con-bienestar-podria-ser-permanente/,“Mujeres con Bienestar” podría ser permanente,mujer,edo
https://8columnas.com.mx/estado-de-mexico/tras-las-rejas-sujeto-ataco-mujer-zinacantepec/,Tras las rejas un sujeto que atacó a una mujer en Zinacantepec,mujer,edo
https://8columnas.com.mx/estado-de-mexico/se-han-liberado-a-18-mujeres-bajo-la-modalidad-de-amnistia-codhem/,Se han liberado a 18 mujeres bajo la modalidad de amnistía: Codhem,mujer,edo
https://8columnas.com.mx/estado-de-mexico/secretaria-de-la-mujer-trabaja-en-campana-yo-decido-mi-futuro/,Secretaria de la Mujer trabaja en campaña “Yo decido mi futuro”,mujer,edo
https://8columnas.com.mx/estado-de-mexico/reconoce-anuies-a-mujeres-destacadas-de-la-uaemex-por-promover-la-igualdad/,Reconoce ANUIES a Mujeres Destacadas de la UAEMéx por Promover la Igualdad,mujer,edo
https://8columnas.com.mx/estado-de-mexico/dan-seguimiento-acciones-seguridad-mujeres/,Dan seguimiento a las acciones para la seguridad de las mujeres,mujer,edo
https://8columnas.com.mx/estado-de-mexico/uaemex-abre-dialogo-sobre-retos-de-la-imagen-de-las-mujeres-en-los-medios-de-comunicacion/,UAEMéx abre diálogo sobre retos de la imagen de las mujeres en los medios de comunicación,mujer,edo
https://8columnas.com.mx/estado-de-mexico/respaldaran-a-mas-300-mil-mujeres-del-edomex/,Respaldarán a más 300 mil mujeres del Edoméx,mujer,edo
https://8columnas.com.mx/cdmx/shakira-anuncia-una-fecha-mas-en-cdmx-para-las-mujeres-ya-no-lloran-world-tour/,Shakira anuncia una fecha más en CDMX para “Las Mujeres Ya No Lloran World Tour”,mujer,edo
https://8columnas.com.mx/estado-de-mexico/pension-mujeres-bienestar-beneficiara-a-mujeres-de-sfp-y-temoaya/,Pensión Mujeres Bienestar beneficiará a mujeres de SFP y Temoaya,mujer,edo
https://8columnas.com.mx/local/vaya-susto-mujer-tira-reja-de-servicios-administrativos/,Vaya susto; mujer tira reja de servicios administrativos,mujer,edo
https://8columnas.com.mx/nacional/gobierno-de-sheinbaum-presenta-reformas-en-favor-de-las-mujeres/,Gobierno de Sheinbaum presenta reformas en favor de las mujeres,mujer,edo
https://8columnas.com.mx/estado-de-mexico/revisa-secretaria-de-la-mujer-presupuesto-2024/,Revisa Secretaría de la Mujer presupuesto 2024,mujer,edo
https://8columnas.com.mx/local/investigan-muerte-de-una-mujer-hallada-en-toluca/,Investigan muerte de una mujer hallada en Toluca,mujer,edo
https://8columnas.com.mx/estado-de-mexico/analizan-la-participacion-politica-de-mujeres-indigenas/,Analizan la participación política de mujeres indígenas,mujer,edo
https://8columnas.com.mx/local/fallece-mujer-atropellada-cerca-de-las-torres-bicentenario/,Fallece mujer atropellada cerca de las Torres Bicentenario,mujer,edo
https://8columnas.com.mx/estado-de-mexico/arrollan-a-mujer-sobre-bulevar-miguel-aleman-frente-al-c5/,Arrollan a mujer sobre bulevar Miguel Alemán frente al C5,mujer,edo
https://8columnas.com.mx/estado-de-mexico/seis-mujeres-logran-libertad-anticipada-tras-gestion-del-gem/,Seis mujeres logran libertad anticipada tras gestión del GEM,mujer,edo
https://8columnas.com.mx/estado-de-mexico/sandra-veronica-acevedo-vera-nueva-comisionada-estatal-de-lex-oma-mujeres/,"Sandra Verónica Acevedo Vera, nueva Comisionada Estatal de Lex OMA Mujeres",mujer,edo
https://8columnas.com.mx/local/disparan-contra-una-mujer-en-kfc-de-toluca/,Disparan contra una mujer en KFC de Toluca,mujer,edo
https://8columnas.com.mx/estado-de-mexico/bloquean-paseo-tollocan-tras-desaparicion-de-mujer-en-san-mateo-atenco/,Bloquean Paseo Tollocan tras desaparición de mujer en San Mateo Atenco,mujer,edo
https://8columnas.com.mx/seguridad/mujer-asaltaba-a-peatones-en-zinacantepec-ya-esta-detenida/,Mujer asaltaba a peatones en Zinacantepec; ya está detenida,mujer,edo
https://8columnas.com.mx/estado-de-mexico/atrapan-a-mujer-que-golpea-a-su-hijo-en-ecatepec/,Atrapan a mujer que golpea a su hijo en Ecatepec,mujer,edo
https://8columnas.com.mx/sin-categoria-s/refuerzan-estrategia-contra-violencia-hacia-mujeres-y-ninas/,Refuerzan estrategia contra violencia hacia mujeres y niñas,mujer,edo
https://8columnas.com.mx/cdmx/ataque-contra-mujer-difundio-en-redes-sociales-fue-en-la-ciudad-de-mexico/,Ataque contra mujer difundió en redes sociales fue en la Ciudad de México,mujer,edo
https://8columnas.com.mx/estado-de-mexico/2024-cerrara-con-650-mil-tarjetas-de-mujeres-con-bienestar/,2024 cerrará con 650 mil tarjetas de “Mujeres con Bienestar”,mujer,edo
https://8columnas.com.mx/seguridad/atrapan-a-sujeto-que-golpeo-a-tres-mujeres-en-toluca/,Atrapan a sujeto que golpeó a tres mujeres en Toluca,mujer,edo
https://8columnas.com.mx/local/capturan-a-una-mujer-por-violencia-familiar-en-toluca/,Capturan a una mujer por violencia familiar en Toluca,mujer,edo
https://8columnas.com.mx/estado-de-mexico/impulsa-nazario-gutierrez-martinez-transporte-rosa-para-mujeres-en-el-estado-de-mexico/,Impulsa Nazario Gutiérrez Martínez «transporte rosa» para mujeres en el Estado de México,mujer,edo
https://8columnas.com.mx/estado-de-mexico/obtiene-codhem-segunda-amnistia-del-2024-para-una-mujer-en-neza/,Obtiene CODHEM segunda Amnistía del 2024 para una mujer en Neza,mujer,edo
https://8columnas.com.mx/deportes/seleccion-femenil-de-futbol-de-uaemex-inspira-a-mujeres-universitarias/,Selección femenil de fútbol de UAEMéx inspira a mujeres universitarias,mujer,edo
https://8columnas.com.mx/estado-de-mexico/derivado-del-pasado-proceso-electoral-676-mujeres-estaran-en-puestos-de-decision/,"Derivado del pasado Proceso Electoral, 676 mujeres estarán en puestos de decisión",mujer,edo
https://8columnas.com.mx/estado-de-mexico/uaemex-y-secretaria-de-las-mujeres-colaboran-para-impulsar-la-equidad-de-genero/,UAEMéx y Secretaría de las Mujeres colaboran para impulsar la equidad de género,mujer,edo
https://8columnas.com.mx/estado-de-mexico/inmujeres-y-gem-firman-cuatro-compromisos-por-la-igualdad-y-el-bienestar/,INMUJERES y GEM firman cuatro compromisos por la Igualdad y el Bienestar,mujer,edo
https://8columnas.com.mx/estado-de-mexico/se-registran-mas-de-150-a-la-red-de-mujeres-electas/,Se registran más de 150 a la Red de Mujeres Electas,mujer,edo
https://8columnas.com.mx/local/encuentran-a-mujer-asesinada-en-parque-industrial-dona-rosa/,Encuentran a mujer asesinada en parque industrial Doña Rosa,mujer,edo
https://8columnas.com.mx/estado-de-mexico/codhem-presenta-dh-magazine-en-ciudad-mujeres-san-mateo-atenco/,CODHEM Presenta “DH Magazine” en Ciudad Mujeres San Mateo Atenco,mujer,edo
https://8columnas.com.mx/seguridad/reintegra-gem-a-mujer-privada-de-su-libertad-a-hogar/,Reintegra GEM a mujer privada de su libertad a hogar,mujer,edo
https://8columnas.com.mx/estado-de-mexico/autobus-arrolla-a-una-mujer-en-metepec/,Autobús arrolla a una mujer en Metepec,mujer,edo
https://8columnas.com.mx/local/atropellan-a-mujer-frente-a-conservatorio-de-musica-en-toluca/,Atropellan a mujer frente a Conservatorio de Música en Toluca,mujer,edo
https://8columnas.com.mx/estado-de-mexico/localizan-a-mujer-desaparecida-desde-el-2022-en-edomex/,Localizan a mujer desaparecida desde el 2022 en Edomex,mujer,edo
https://8columnas.com.mx/estado-de-mexico/se-compromete-melissa-vargas-a-abatir-la-inseguridad-y-la-violencia-contra-la-mujer-en-toluca/,Se compromete Melissa Vargas a abatir la inseguridad y la violencia contra la mujer en Toluca,mujer,edo
https://8columnas.com.mx/local/proteccion-a-mujeres-sera-fundamental-para-el-desarrollo-de-toluca/,Protección a mujeres será fundamental para el desarrollo de Toluca,mujer,edo
https://8columnas.com.mx/estado-de-mexico/en-la-campana-de-edna-talavera-mercado-es-tiempo-de-mujeres/,En la campaña de Edna Talavera mercado “Es tiempo de mujeres”,mujer,edo
https://8columnas.com.mx/estado-de-mexico/tenia-a-27-perritos-con-desnutricion-en-edomex-ahora-mujer-es-procesada/,Tenía a 27 perritos con desnutrición en Edomex; ahora mujer es procesada,mujer,edo
https://8columnas.com.mx/estado-de-mexico/dan-prision-preventiva-a-influencer-que-golpeo-a-una-mujer-en-naucalpan/,Dan prisión preventiva a influencer que golpeó a una mujer en Naucalpan,mujer,edo
https://8columnas.com.mx/estado-de-mexico/se-publica-la-guia-para-atender-la-violencia-politica-contra-las-mujeres/,Se publica la guía para atender la violencia política contra las mujeres,mujer,edo
https://8columnas.com.mx/estado-de-mexico/codhem-capacita-a-mujeres-trans-sobre-transfeminismo/,CODHEM capacita a mujeres trans sobre transfeminismo,mujer,edo
https://8columnas.com.mx/estado-de-mexico/secretaria-de-las-mujeres-estara-disponible-durante-vacaciones/,Secretaría de las Mujeres estará disponible durante vacaciones,mujer,edo
https://8columnas.com.mx/estado-de-mexico/gobierno-de-ixtlahuaca-acerca-servicios-de-salud-para-la-mujer/,Gobierno de Ixtlahuaca acerca servicios de salud para la mujer,mujer,edo
https://8columnas.com.mx/estado-de-mexico/mujeres-autosuficientes-evitan-ser-maltratadas-pj/,"Mujeres autosuficientes, evitan ser maltratadas: PJ",mujer,edo
https://8columnas.com.mx/estado-de-mexico/conmemoran-en-tlalnepantla-el-dia-internacional-de-la-mujer/,Conmemoran en Tlalnepantla el Día Internacional de la Mujer,mujer,edo
https://8columnas.com.mx/estado-de-mexico/tragedia-fallece-mujer-sobre-la-via-mexico-toluca/,Tragedia; fallece mujer sobre la vía México-Toluca,mujer,edo
https://8columnas.com.mx/estado-de-mexico/en-el-edomex-mexico-las-mujeres-no-estan-solas/,"En el Edoméx México, ¡las mujeres no están solas!",mujer,edo
https://8columnas.com.mx/estado-de-mexico/fomentan-la-participacion-y-reconocimiento-de-mujeres-en-tlalnepantla/,Fomentan la participación y reconocimiento de Mujeres en Tlalnepantla»,mujer,edo
https://8columnas.com.mx/estado-de-mexico/biker-y-mujer-salen-heridos-en-accidente-en-atlacomulco/,Biker y mujer salen heridos en accidente en Atlacomulco,mujer,edo
https://8columnas.com.mx/estado-de-mexico/marzo-ofrece-uaemex-paquetes-de-atencion-medica-para-salvaguardar-la-salud-de-las-mujeres/,Marzo: ofrece UAEMéx paquetes de atención médica para salvaguardar la salud de las mujeres,mujer,edo
https://8columnas.com.mx/estado-de-mexico/entregan-kits-de-plomeria-y-electricidad-a-mujeres-de-ixtlahuaca/,Entregan kits de plomería y electricidad a mujeres de Ixtlahuaca,mujer,edo
https://8columnas.com.mx/estado-de-mexico/tlalnepantla-aprueba-reglas-de-operacion-de-mujer-emprendedora-empoderate/,Tlalnepantla aprueba reglas de operación de “Mujer emprendedora empodérate”,mujer,edo
https://8columnas.com.mx/local/buscan-a-tres-mujeres-ladronas-en-centro-joyero-toluca/,Buscan a tres mujeres ladronas en Centro Joyero Toluca,mujer,edo
https://8columnas.com.mx/estado-de-mexico/brindar-seguridad-y-desarrollo-a-las-mujeres-uno-de-los-objetivos-del-gem/,"Brindar seguridad y desarrollo a las mujeres, uno de los objetivos del GEM",mujer,edo
https://8columnas.com.mx/estado-de-mexico/mas-metro-emplear-a-jovenes-convertir-basura-en-energia-seguridad-para-mujeres-y-bienestar-en-seres-sintientes-impulsa-el-pvem/,"“Más Metro”, emplear a jóvenes, convertir basura en energía, seguridad para mujeres y bienestar en seres sintientes impulsa el PVEM",mujer,edo
https://8columnas.com.mx/estado-de-mexico/entregara-gem-del-12-al-24-de-febrero-las-tarjetas-mujeres-con-bienestar/,Entregará GEM del 12 al 24 de febrero las tarjetas Mujeres con Bienestar,mujer,edo
https://8columnas.com.mx/estado-de-mexico/publican-reglas-de-operacion-de-la-segunda-etapa-de-mujeres-con-bienestar/,Publican Reglas de Operación de la segunda etapa de “Mujeres con Bienestar”,mujer,edo
https://8columnas.com.mx/estado-de-mexico/cae-mujer-mientras-exploraba-el-nevado-de-toluca/,Cae mujer mientras exploraba el Nevado de Toluca,mujer,edo
https://8columnas.com.mx/estado-de-mexico/pjem-atendio-a-mas-de-3-mil-personas-en-ciudad-mujeres/,PJEM atendió a más de 3 mil personas en Ciudad Mujeres,mujer,edo
https://8columnas.com.mx/estado-de-mexico/programa-mujeres-con-bienestar-llega-a-san-felipe-del-progreso/,Programa “Mujeres con Bienestar” llega a San Felipe del Progreso,mujer,edo
https://8columnas.com.mx/local/muere-mujer-en-autobus-en-la-terminal-de-toluca/,Muere mujer en autobús en la Terminal de Toluca,mujer,edo
https://8columnas.com.mx/estado-de-mexico/a-partir-de-esta-semana-mujeres-con-tarjeta-del-bienestar-comenzaran-a-recibir-el-apoyo/,"A partir de esta, semana mujeres con Tarjeta del Bienestar comenzarán a recibir el apoyo",mujer,edo
https://8columnas.com.mx/estado-de-mexico/en-san-antonio-la-isla-las-mujeres-saben-gobernar-y-saben-hacerlo-bien-liz-marlene-sandoval-colindres/,En San Antonio la Isla las mujeres saben gobernar y saben hacerlo bien Liz Marlene Sandoval Colindres,mujer,edo
https://8columnas.com.mx/estado-de-mexico/sera-en-breve-cuando-inicie-la-entrega-de-la-tarjeta-mujeres-con-bienestar/,Será en breve cuando inicie la entrega de la Tarjeta “Mujeres con Bienestar”,mujer,edo
https://8columnas.com.mx/estado-de-mexico/como-entrar-al-programa-mujeres-con-bienestar-en-el-edomex/,¿Cómo entrar al programa Mujeres con Bienestar en el Edoméx?,mujer,edo
https://8columnas.com.mx/estado-de-mexico/mas-de-190-mil-se-registran-al-programa-mujeres-con-bienestar/,Más de 190 mil se registran al programa “Mujeres con Bienestar”,mujer,edo
https://8columnas.com.mx/estado-de-mexico/tarjeta-mujeres-con-bienestar-se-entregara-sin-condicionamientos/,Tarjeta Mujeres con Bienestar se entregará sin condicionamientos,mujer,edo
https://8columnas.com.mx/estado-de-mexico/localizan-sin-vida-a-una-mujer-en-san-pablo-autopan/,Localizan sin vida a una mujer en San Pablo Autopan,mujer,edo
https://8columnas.com.mx/estado-de-mexico/dan-a-conocer-el-mecanismo-de-operacion-de-mujeres-con-bienestar/,Dan a conocer el mecanismo de operación de Mujeres con Bienestar,mujer,edo
https://8columnas.com.mx/estado-de-mexico/localizan-a-mujer-sin-vida-en-puente-calderon-en-ixtapan-de-la-sal/,Localizan a mujer sin vida en puente Calderon en Ixtapan de la Sal,mujer,edo
https://8columnas.com.mx/local/fallece-una-mujer-en-avenida-las-torres-en-toluca/,Fallece una mujer en Avenida Las Torres en Toluca,mujer,edo
https://8columnas.com.mx/local/atropellan-a-mujer-san-buenaventura/,Atropellan a mujer San Buenaventura,mujer,edo
https://8columnas.com.mx/espectaculos/haran-prueba-de-adn-a-una-mujer-que-podria-ser-la-mama-de-luis-miguel/,Harán prueba de ADN a una mujer que podría ser la mamá de Luis Miguel,mujer,edo
https://8columnas.com.mx/estado-de-mexico/pendiente-abrir-espacios-politicos-a-mujeres-en-el-ambito-municipal/,Pendiente abrir espacios políticos a mujeres en el ámbito municipal,mujer,edo
https://8columnas.com.mx/estado-de-mexico/fallece-mujer-motociclista-en-la-via-atlacomulco-toluca/,Fallece mujer motociclista en la vía Atlacomulco-Toluca,mujer,edo
https://8columnas.com.mx/internacional/iran-aprueba-iniciativa-que-endurece-castigos-para-mujeres-que-no-usen-el-velo/,Irán aprueba iniciativa que endurece castigos para mujeres que no usen el velo,mujer,edo
https://8columnas.com.mx/local/mujer-resulta-herida-de-bala-en-paseo-tollocan/,Mujer resulta herida de bala en Paseo Tollocan,mujer,edo
https://8columnas.com.mx/local/fallece-una-mujer-en-accidente-sobre-la-carretera-toluca-palmillas/,Fallece una mujer en accidente sobre la carretera Toluca-Palmillas,mujer,edo
https://8columnas.com.mx/deportes/f1-academy-de-mujeres-2024-todas-las-escuderias-se-unen-a-la-iniciativa/,F1 Academy de Mujeres 2024: Todas las escuderías se unen a la iniciativa,mujer,edo
https://8columnas.com.mx/internacional/asesinan-a-una-mujer-despues-de-una-discusion-sobre-bandera-del-orgullo-lgbtq/,Asesinan a una mujer después de una discusión sobre bandera del orgullo LGBTQ+,mujer,edo
https://8columnas.com.mx/estado-de-mexico/colectan-tapitas-en-toluca-para-el-tratamiento-de-cancer-de-frida-farah-una-nina-de-cuatro-anos/,Colectan tapitas en Toluca para el tratamiento de cáncer de Frida Farah una niña de cuatro años,niña,edo
https://8columnas.com.mx/sin-categoria-s/refuerzan-estrategia-contra-violencia-hacia-mujeres-y-ninas/,Refuerzan estrategia contra violencia hacia mujeres y niñas,niña,edo
https://8columnas.com.mx/estado-de-mexico/realizan-en-ixtlahuaca-jornada-de-vacunacion-antirrabica-canina-y-felina/,Realizan en Ixtlahuaca jornada de vacunación antirrábica canina y felina,niña,edo
https://8columnas.com.mx/estado-de-mexico/fallece-nina-en-accidente-en-mexico-toluca/,Fallece niña en accidente en México-Toluca,niña,edo
https://8columnas.com.mx/estado-de-mexico/procesan-a-sujeto-por-maltratar-a-una-canina-en-edomex/,Procesan a sujeto por maltratar a una canina en Edomex,niña,edo
https://8columnas.com.mx/estado-de-mexico/aldo-ledezma-celebra-a-ninas-y-ninos-en-su-dia/,Aldo Ledezma celebra a niñas y niños en su día,niña,edo
https://8columnas.com.mx/estado-de-mexico/sutesuaem-realiza-festival-de-la-nina-y-nino-2024/,SUTESUAEM realiza Festival de la Niña y Niño 2024,niña,edo
https://8columnas.com.mx/estado-de-mexico/realizara-el-poder-judicial-cuarto-foro-para-ninas-ninos-y-adolescentes/,"Realizará el Poder Judicial Cuarto Foro para Niñas, Niños y Adolescentes",niña,edo
https://8columnas.com.mx/estado-de-mexico/resulto-ser-nina-bebe-abandonado-en-metepec/,Resultó ser niña bebé abandonado en Metepec,niña,edo
https://8columnas.com.mx/estado-de-mexico/juguetes-y-sonrisas-para-los-ninos-y-ninas-de-san-marcos-de-la-cruz-y-santa-maria-nativitas/,Juguetes y sonrisas para los niños y niñas de San Marcos de la Cruz y Santa María Nativitas,niña,edo
https://8columnas.com.mx/estado-de-mexico/michelle-nunez-lleva-alegria-y-juguetes-a-miles-de-ninos-y-ninas-de-valle-de-bravo/,Michelle Núñez lleva alegría y Juguetes a miles de niños y niñas de Valle de Bravo,niña,edo
https://8columnas.com.mx/estado-de-mexico/realizara-san-mateo-atenco-jornada-de-vacunacion-y-esterilizacion-canina-y-felina/,Realizará San Mateo Atenco Jornada de Vacunación y Esterilización Canina y Felina,niña,edo
https://8columnas.com.mx/estado-de-mexico/organiza-san-mateo-atenco-jornada-de-adopcion-canina-y-felina/,Organiza San Mateo Atenco Jornada de Adopción Canina y Felina,niña,edo
https://8columnas.com.mx/internacional/tragica-muerte-nina-de-4-anos-electrocutada-tras-abrir-refrigerador-en-supermercado/,Trágica muerte: Niña de 4 años electrocutada tras abrir refrigerador en supermercado,niña,edo
https://8columnas.com.mx/local/agresor-de-maya-una-canina-pitbull-podra-llevar-su-proceso-en-libertad/,"Agresor de «Maya», una canina pitbull podrá llevar su proceso en libertad",niña,edo
https://8columnas.com.mx/deportes/simone-biles-defiende-a-nina-victima-de-racismo-en-competencia-de-gimnasia/,Simone Biles defiende a niña víctima de racismo en competencia de gimnasia,niña,edo
https://8columnas.com.mx/estado-de-mexico/ieem-trabaja-para-acercar-a-ninas-ninos-y-adolescentes-a-la-vida-democratica/,"IEEM trabaja para acercar a niñas, niños y adolescentes a la vida democrática",niña,edo
https://8columnas.com.mx/nacional/muere-nina-en-elevador-del-imss-de-playa-del-carmen/,Muere niña en elevador del IMSS de Playa del Carmen,niña,edo
https://8columnas.com.mx/estado-de-mexico/taxista-atropella-a-nina-y-al-tratar-de-huir-lo-detienen-en-san-mateo-atenco/,Taxista atropella a niña y al tratar de huir lo detienen en San Mateo Atenco,niña,edo
https://8columnas.com.mx/estado-de-mexico/la-mexicana-elena-reygadas-fue-nombrada-la-mejor-chef-femenina-del-mundo-de-2023/,"La mexicana Elena Reygadas, fue nombrada la mejor chef femenina del mundo de 2023",niña,edo
https://8columnas.com.mx/estado-de-mexico/por-dia-del-nino-y-nina-facilitaran-descuentos-en-el-cms-uaemex/,Por Día del Niño y Niña facilitarán descuentos en el CMS UAEMéx,niña,edo
https://8columnas.com.mx/estado-de-mexico/nina-cae-al-explorar-el-nevado-de-toluca/,Niña cae al explorar el Nevado de Toluca,niña,edo
https://8columnas.com.mx/estado-de-mexico/roberto-bautista-entrega-juguetes-a-ninas-y-ninos-de-tenango-del-valle/,Roberto Bautista entrega juguetes a niñas y niños de Tenango del Valle,niña,edo
https://8columnas.com.mx/estado-de-mexico/este-martes-vacunaran-a-ninas-y-ninos-de-5-6-anos-en-16-municipios-mexiquenses/,Este martes vacunarán a niñas y niños de 5-6 años en 16 municipios mexiquenses,niña,edo
https://8columnas.com.mx/estado-de-mexico/anuncian-segunda-dosis-contra-covid-19-para-ninas-y-ninos-de-5-y-6-anos/,Anuncian segunda dosis contra COVID-19 para niñas y niños de 5 y 6 años,niña,edo
https://8columnas.com.mx/estado-de-mexico/se-suicidan-mas-ninas-que-ninos-segun-datos-de-estudio-del-cevece/,Se suicidan más niñas que niños: según datos de estudio del CEVECE,niña,edo
https://8columnas.com.mx/estado-de-mexico/este-18-de-octubre-concluye-la-vacunacion-para-ninas-y-ninos-de-5-a-8-anos-en-el-edomex/,Este 18 de octubre concluye la vacunación para niñas y niños de 5 a 8 años en el Edoméx,niña,edo
https://8columnas.com.mx/estado-de-mexico/concluye-jornada-de-vacunacion-para-ninas-y-ninos-de-9-11-anos-en-109-municipios/,Concluye jornada de vacunación para niñas y niños de 9-11 años en 109 municipios,niña,edo
https://8columnas.com.mx/estado-de-mexico/aplican-segundas-dosis-a-ninas-y-ninos-de-9-11-anos-en-ocoyoacac/,Aplican segundas dosis a niñas y niños de 9-11 años en Ocoyoacac,niña,edo
https://8columnas.com.mx/estado-de-mexico/aplicaran-este-jueves-segundas-dosis-a-ninas-y-ninos-de-9-11-anos-en-san-mateo-atenco/,Aplicarán este jueves segundas dosis a niñas y niños de 9-11 años en San Mateo Atenco,niña,edo
https://8columnas.com.mx/estado-de-mexico/arranca-aplicacion-de-segundas-dosis-contra-covid-19-para-ninas-y-ninos-de-9-11-anos/,Arranca aplicación de segundas dosis contra COVID-19 para niñas y niños de 9-11 años,niña,edo
https://8columnas.com.mx/local/se-extravia-una-mujer-y-tres-ninas-en-volcan-de-toluca/,Se extravía una mujer y tres niñas en volcán de Toluca,niña,edo
https://8columnas.com.mx/local/comienza-vacunacion-para-ninas-y-ninos-de-7-anos-en-toluca-y-metepec/,Comienza vacunación para niñas y niños de 7 años en Toluca y Metepec,niña,edo
https://8columnas.com.mx/estado-de-mexico/instalan-jornada-de-salud-femenina-en-zinacantepec/,Instalan Jornada de Salud Femenina en Zinacantepec,niña,edo
https://8columnas.com.mx/estado-de-mexico/inicia-vacunacion-para-66-mil-ninas-y-ninos-de-8-anos-de-27-municipios-del-edomex/,Inicia vacunación para 66 mil niñas y niños de 8 años de 27 municipios del Edoméx,niña,edo
https://8columnas.com.mx/estado-de-mexico/vacunaran-a-ninas-y-ninos-de-8-anos-en-otros-27-municipios-del-edomex/,Vacunarán a niñas y niños de 8 años en otros 27 municipios del Edoméx,niña,edo
https://8columnas.com.mx/estado-de-mexico/centros-de-convivencia-atienden-a-ninas-ninos-y-adolescentes/,"Centros de convivencia atienden a niñas, niños y adolescentes",niña,edo
https://8columnas.com.mx/estado-de-mexico/arranca-vacunacion-para-ninas-y-ninos-de-8-anos-en-el-edomex/,Arranca vacunación para niñas y niños de 8 años en el Edoméx,niña,edo
https://8columnas.com.mx/estado-de-mexico/buscan-a-la-china-es-mama-de-tres-ninas-desaparecida-en-tenancingo/,"Buscan a La China, es mamá de tres niñas desaparecida en Tenancingo",niña,edo
https://8columnas.com.mx/estado-de-mexico/vacunaran-a-ninas-y-ninos-de-9-anos-en-23-municipios-mexiquenses/,Vacunarán a niñas y niños de 9 años en 23 municipios mexiquenses,niña,edo
https://8columnas.com.mx/estado-de-mexico/76-mil-ninos-y-ninas-de-9-anos-han-sido-inmunizados/,76 mil niños y niñas de 9 años han sido inmunizados,niña,edo
https://8columnas.com.mx/estado-de-mexico/en-san-mateo-atenco-vacunaran-contra-covid-19-a-ninas-y-ninos-de-12-y-13-anos/,En San Mateo Atenco vacunarán contra COVID-19 a niñas y niños de 12 y 13 años,niña,edo
https://8columnas.com.mx/valle-de-mexico/invitan-a-ninas-y-ninos-tlalnepantlenses-a-aprovechar-sus-vacaciones/,Invitan a niñas y niños tlalnepantlenses a aprovechar sus vacaciones,niña,edo
https://8columnas.com.mx/estado-de-mexico/vacunacion-para-ninas-y-ninos-de-10-y-11-anos-en-otros-44-municipios/,Vacunación para niñas y niños de 10 y 11 años en otros 44 municipios,niña,edo
https://8columnas.com.mx/estado-de-mexico/fue-al-centro-de-toluca-y-joven-desaparece-junto-con-su-nina/,Fue al centro de Toluca y joven desaparece junto con su niña,niña,edo
https://8columnas.com.mx/estado-de-mexico/vacunaran-a-mas-de-200-mil-ninas-y-ninos-de-10-y-11-anos-en-47-municipios-del-edomex/,"Vacunarán a más de 200 mil niñas y niños de 10 y 11 años, en 47 municipios del Edoméx",niña,edo
https://8columnas.com.mx/valle-de-mexico/tlalnepantla-refrenda-compromiso-con-la-salud-de-ninas-y-ninos/,Tlalnepantla refrenda compromiso con la salud de niñas y niños,niña,edo
https://8columnas.com.mx/estado-de-mexico/73-millones-de-ninos-y-ninas-trabajan-en-actividades-peligrosas/,73 millones de niños y niñas trabajan en actividades peligrosas,niña,edo
https://8columnas.com.mx/estado-de-mexico/cerca-de-ti-texcoco-festejo-a-ninos-y-ninas/,"Cerca de Ti Texcoco, festejó a niños y niñas",niña,edo
https://8columnas.com.mx/valle-de-mexico/unen-esfuerzos-para-evitar-embarazos-no-deseados-en-ninas-y-jovenes-atizapenses/,Unen esfuerzos para evitar embarazos no deseados en niñas y jóvenes atizapenses,niña,edo
https://8columnas.com.mx/valle-de-mexico/festejan-a-mujeres-ninas-y-ninos-en-acolman/,"Festejan a mujeres niñas y niños, en Acolman",niña,edo
https://8columnas.com.mx/estado-de-mexico/prioritario-atender-a-las-mujeres-y-ninas-alejandra-del-moral/,Prioritario atender a las mujeres y niñas: Alejandra del Moral,niña,edo
https://8columnas.com.mx/estado-de-mexico/tenango-del-valle-sede-de-exposicion-canina/,"Tenango del Valle, sede de Exposición Canina",niña,edo
https://8columnas.com.mx/valle-de-mexico/ninas-y-ninos-de-cuautitlan-ejemplo-de-responsabilidad-y-dedicacion-aldo-ledezma/,Niñas y niños de Cuautitlán ejemplo de responsabilidad y dedicación: Aldo Ledezma,niña,edo
https://8columnas.com.mx/opinion/escuchar-a-las-ninas-y-ninos-ariel-perez/,ESCUCHAR A LAS NIÑAS Y NIÑOS- ARIEL PÉREZ,niña,edo
https://8columnas.com.mx/estado-de-mexico/en-tenango-del-valle-se-realizara-una-exposicion-canina-evento-inedito-que-representa-uno-de-los-esfuerzos-de-la-administracion-actual/,"En Tenango del Valle se realizará una exposición canina, evento inédito que representa uno de los esfuerzos de la administración actual",niña,edo
https://8columnas.com.mx/valle-de-mexico/festejan-a-las-ninas-y-los-ninos-en-tlalnepantla/,Festejan a las niñas y los niños en Tlalnepantla,niña,edo
https://8columnas.com.mx/valle-de-mexico/alto-a-la-violencia-contra-mujeres-y-ninas/,Alto a la violencia contra mujeres y niñas,niña,edo
https://8columnas.com.mx/estado-de-mexico/festejaran-a-las-ninas-y-ninos-izcallenses-con-la-ciudad-del-futuro/,Festejarán a las niñas y niños izcallenses con la “Ciudad del Futuro”,niña,edo
https://8columnas.com.mx/estado-de-mexico/las-ninas-y-ninos-izcallenses-siempre-contaran-con-el-apoyo-del-ayuntamiento-y-de-su-amiga-karla-fiesco/,Las niñas y niños Izcallenses siempre contarán con el apoyo del Ayuntamiento y de su amiga Karla Fiesco,niña,edo
https://8columnas.com.mx/estado-de-mexico/sale-papa-apunalado-por-defender-a-su-nina-de-ataque-sexual-en-toluca/,Sale papá apuñalado por defender a su niña de ataque sexual en Toluca,niña,edo
https://8columnas.com.mx/estado-de-mexico/instalan-sistema-de-proteccion-integral-de-ninas-ninos-y-adolescentes-en-tenango-del-valle/,"Instalan Sistema de Protección Integral de niñas, niños y adolescentes en Tenango del Valle",niña,edo
https://8columnas.com.mx/estado-de-mexico/a-prision-por-abuso-sexual-de-una-nina-en-temascaltepec/,A prisión por abuso sexual de una niña en Temascaltepec,niña,edo
https://8columnas.com.mx/local/alegran-a-ninos-y-ninas-con-caravana-otzonrisas/,Alegran a niños y niñas con Caravana Otzonrisas,niña,edo
https://8columnas.com.mx/estado-de-mexico/fatal-fallece-nina-en-accidente-sobre-autopista-mexico-toluca/,Fatal; fallece niña en accidente sobre autopista México-Toluca,niña,edo
https://8columnas.com.mx/estado-de-mexico/por-flamazo-queda-herida-una-nina-en-fraccionamiento-valle-del-nevado/,Por flamazo queda herida una niña en fraccionamiento Valle del Nevado,niña,edo
https://8columnas.com.mx/estado-de-mexico/desarrollan-jornada-de-vacunacion-antirrabica-canina-y-felina-en-toluca/,Desarrollan Jornada de Vacunación Antirrábica Canina y Felina en Toluca,niña,edo
https://8columnas.com.mx/estado-de-mexico/mexico-registro-en-2020-la-mayor-cifra-de-suicidios-en-ninos-ninas-y-adolescentes/,"México registró en 2020 la mayor cifra de suicidios en niños, niñas y adolescentes",niña,edo
https://8columnas.com.mx/estado-de-mexico/encuentran-cadaver-de-la-nina-mia-mayrin-por-desgajamiento-en-tlalnepantla/,Encuentran cadáver de la niña Mia Mayrin por desgajamiento en Tlalnepantla,niña,edo
https://8columnas.com.mx/opinion/presencia-femenina-en-el-break-dance/,VISUALIDAD EXPANDIDA – PRESENCIA FEMENINA EN EL BREAK DANCE,niña,edo
https://8columnas.com.mx/valle-de-mexico/chimalhuacan-vecinos-y-policias-capturan-a-menor-que-pretendia-privar-de-su-libertad-a-una-nina/,Chimalhuacán: vecinos y policías capturan a menor que  pretendía privar de su libertad a una niña,niña,edo
https://8columnas.com.mx/al-instante/se-consolida-toluca-como-municipio-seguro-para-mujeres-y-ninas/,Se consolida Toluca como municipio seguro para mujeres y niñas,niña,edo
https://8columnas.com.mx/opinion/la-fiscalia-general-de-justicia-del-estado-de-mexico-debe-aplicar-en-todo-momento-el-protocolo-de-actuacion-para-quienes-imparten-justicia-en-casos-que-involucren-ninas-ninos-y-adolecentes/,La  Fiscalía General  de Justicia del Estado de México debe aplicar en todo momento el protocolo de actuación para quienes imparten justicia...,niña,edo
https://8columnas.com.mx/al-instante/orienta-gem-a-ninas-ninos-y-jovenes-para-prevenir-embarazos-a-temprana-edad/,"Orienta GEM a niñas, niños y jóvenes para prevenir embarazos a temprana edad",niña,edo
https://8columnas.com.mx/nacional/prohiben-detencion-de-ninos-y-ninas-migrantes-en-estaciones-migratorias/,Prohíben detención de niños y niñas migrantes en estaciones migratorias,niña,edo
https://8columnas.com.mx/al-instante/para-proteger-la-salud-de-la-poblacion-suspende-toluca-vacunacion-y-esterilizacion-canina-y-felina/,"Para proteger la salud de la población, suspende Toluca vacunación y esterilización canina y felina",niña,edo
https://8columnas.com.mx/al-instante/invita-secretaria-de-salud-a-completar-el-esquema-de-vacunacion-de-ninos-y-ninas/,Invita Secretaría de Salud a completar el esquema de vacunación de niños y niñas,niña,edo
https://8columnas.com.mx/al-instante/hallan-a-nina-que-llevaba-desaparecida-desde-principios-de-ano-en-toluca/,Hallan a niña que llevaba desaparecida desde principios de año en Toluca,niña,edo
https://8columnas.com.mx/al-instante/alistan-concierto-para-ninas-y-ninos-menores-de-100-anos-en-el-edomex/,Alistan concierto «Para niñas y niños menores de 100 años» en el Edomex,niña,edo
https://8columnas.com.mx/estado-de-mexico/recomiendan-lectura-que-brinda-una-vision-femenina-de-la-revolucion-mexicana/,Recomiendan lectura que brinda una visión femenina de la Revolución Mexicana,niña,edo
https://8columnas.com.mx/estado-de-mexico/continua-difem-atento-a-denuncias-de-violencia-contra-ninas-ninos-y-adolescentes-durante-contingencia-por-covid-19/,"Continua DIFEM atento a denuncias de violencia contra niñas, niños y adolescentes durante contingencia por Covid-19",niña,edo
https://8columnas.com.mx/local/convocan-a-ninas-ninos-y-jovenes-a-participar-en-campeonato-interdance-mexico/,"CONVOCAN A NIÑAS, NIÑOS Y JÓVENES A PARTICIPAR EN CAMPEONATO INTERDANCE MÉXICO",niña,edo
https://8columnas.com.mx/estados/hallan-el-cuerpo-de-una-nina-en-temixco/,Hallan el cuerpo de una niña en Temixco,niña,edo
https://8columnas.com.mx/internacional/la-india-entre-armas-y-violaciones-mujeres-logran-cargos-en-la-armada-mientras-una-nina-muere-por-violaciones/,"La India entre armas y violaciones, mujeres logran cargos en la armada mientras una niña muere por violaciones",niña,edo
https://8columnas.com.mx/al-instante/condena-amlo-asesinato-de-fatima-nina-de-7-anos/,"Condena AMLO asesinato de Fátima, niña de 7 años",niña,edo
https://8columnas.com.mx/al-instante/realizan-programacion-para-el-11o-parlamento-de-ninas-y-ninos-de-mexico-2019-2020/,Realizan programación para el 11º Parlamento de niñas y niños de México 2019-2020,niña,edo
https://8columnas.com.mx/al-instante/detienen-a-ignacio-martinez-alias-la-nina-en-la-alvaro-obregon-responsable-de-agresion-y-robo/,"Detienen a Ignacio Martínez, alias «la niña» en la Álvaro Obregón, responsable  de agresión y robo",niña,edo
https://8columnas.com.mx/estado-de-mexico/fomenta-difem-participacion-de-ninas-ninos-y-adolescentes-en-la-defensa-de-sus-derechos/,"FOMENTA DIFEM PARTICIPACIÓN DE NIÑAS, NIÑOS Y ADOLESCENTES EN LA DEFENSA DE SUS DERECHOS",niña,edo
https://8columnas.com.mx/estados/vinculan-a-proceso-a-maestro-por-abuso-de-nina/,Vinculan a proceso a maestro por abuso de niña,niña,edo
https://8columnas.com.mx/salud/8-de-10-victimas-de-abuso-sexual-infantil-en-mexico-son-ninas/,8 de 10 víctimas de abuso sexual infantil en México son niñas,niña,edo
https://8columnas.com.mx/estado-de-mexico/invita-gobierno-del-edomex-a-ninas-ninos-y-jovenes-al-xvi-encuentro-parlamentario-mexiquense/,"Invita Gobierno del Edomex a niñas, niños y jóvenes al XVI Encuentro Parlamentario Mexiquense",niña,edo
https://8columnas.com.mx/deportes/carrera-atletica-en-beneficio-de-ninas-albergadas-en-casa-hogar/,Carrera atlética en beneficio de niñas albergadas en casa hogar,niña,edo
https://8columnas.com.mx/valle-de-mexico/garantizaran-derechos-de-ninas-ninos-y-adolescentes-de-izcalli/,"Garantizarán derechos de niñas,  niños y adolescentes de Izcalli",niña,edo
https://8columnas.com.mx/estado-de-mexico/88-anos-de-carcel-a-feminicidas-de-nina-de-las-calcetitas-rojas-2/,88 años de cárcel a feminicidas de niña de las «calcetitas rojas»,niña,edo
https://8columnas.com.mx/valle-de-mexico/ninas-y-ninos-policias-por-un-dia-en-n-romero/,"Niñas y niños, policías  por un día en N. Romero",niña,edo
https://8columnas.com.mx/valle-de-mexico/entregaron-lentes-gratuitos-a-ninas-y-ninos-de-tlalnepantla/,Entregaron lentes gratuitos a niñas y niños  de Tlalnepantla,niña,edo
https://8columnas.com.mx/valle-de-mexico/festeja-a-ninos-y-ninas-con-parque-acuatico/,Festeja a niños y niñas  con parque acuático,niña,edo
https://8columnas.com.mx/valle-de-mexico/celebra-dif-naucalpan-a-las-ninas-y-los-ninos/,Celebra DIF Naucalpan  a las niñas y los niños,niña,edo
https://8columnas.com.mx/nacional/de-1985-a-la-fecha-mas-de-55-mil-mujeres-y-ninas-han-sido-asesinadas-en-mexico/,De 1985 a la fecha más de 55 mil mujeres y niñas han sido asesinadas en México,niña,edo
https://8columnas.com.mx/internacional/demandan-en-nigeria-liberacion-de-112-ninas-secuestradas-hace-cinco-anos/,Demandan en Nigeria liberación de 112 niñas secuestradas hace cinco años,niña,edo
https://8columnas.com.mx/cdmx/detienen-a-tercer-implicado-en-el-feminicidio-de-oralia-perez/,Detienen a tercer implicado en el feminicidio de Oralia Pérez,feminicidio,edo
https://8columnas.com.mx/internacional/protestas-masivas-en-francia-contra-la-violencia-de-genero-y-los-feminicidios/,Protestas masivas en Francia contra la violencia de género y los feminicidios,feminicidio,edo
https://8columnas.com.mx/estado-de-mexico/disminuyen-secuestros-en-un-77-y-feminicidios-en-un-37-6-durante-la-administracion/,Disminuyen secuestros en un 77% y feminicidios en un 37.6% durante la administración,feminicidio,edo
https://8columnas.com.mx/estado-de-mexico/se-logra-reducir-en-un-35-el-feminicidio/,Se logra reducir en un 35% el feminicidio,feminicidio,edo
https://8columnas.com.mx/estado-de-mexico/detienen-a-colombiano-relacionado-con-un-feminicidio-en-toluca/,Detienen a colombiano relacionado con un feminicidio en Toluca,feminicidio,edo
https://8columnas.com.mx/local/viajo-desde-chiapas-a-toluca-para-visibilizar-el-feminicidio-de-su-hija-paulina/,Viajó desde Chiapas a Toluca para visibilizar el feminicidio de su hija Paulina,feminicidio,edo
https://8columnas.com.mx/estado-de-mexico/edomex-registra-descenso-en-un-35-del-delito-de-feminicidio/,"Edoméx registra descenso, en un 35%, del delito de feminicidio",feminicidio,edo
https://8columnas.com.mx/estado-de-mexico/edomex-registra-una-baja-del-50-en-el-delito-de-feminicidio/,Edoméx registra una baja del 50% en el delito de feminicidio,feminicidio,edo
https://8columnas.com.mx/estado-de-mexico/dan-prision-vitalicia-a-lev-n-por-el-feminicidio-de-lucero/,Dan prisión vitalicia a Lev “N” por el feminicidio de Lucero,feminicidio,edo
https://8columnas.com.mx/estado-de-mexico/detienen-en-eeuu-a-presunto-responsable-de-feminicidio-en-calimaya/,Detienen en EEUU a presunto responsable de feminicidio en Calimaya,feminicidio,edo
https://8columnas.com.mx/estado-de-mexico/vinculan-a-proceso-al-fofo-marquez-por-el-delito-de-feminicidio-en-grado-de-tentativa/,Vinculan a proceso al “Fofo Márquez” por el delito de feminicidio en grado de tentativa,feminicidio,edo
https://8columnas.com.mx/estado-de-mexico/realizan-marcha-en-xonacatlan-por-feminicidio-de-melany/,Realizan marcha en Xonacatlán por feminicidio de Melany,feminicidio,edo
https://8columnas.com.mx/estado-de-mexico/nueve-anos-del-feminicidio-de-fatima-uno-de-sus-agresores-libre-y-uno-mas-pide-que-le-reduzcan-la-sentencia/,Nueve años del feminicidio de Fátima: uno de sus agresores libre y uno más; pide que le reduzcan la sentencia,feminicidio,edo
https://8columnas.com.mx/estado-de-mexico/feminicidios-a-la-baja-en-el-edomex/,Feminicidios a la baja en el Edomex,feminicidio,edo
https://8columnas.com.mx/nacional/primer-feminicidio-de-2024-en-oaxaca-despierta-indignacion/,Primer feminicidio de 2024 en Oaxaca: Despierta indignación,feminicidio,edo
https://8columnas.com.mx/estado-de-mexico/detienen-a-sujeto-involucrado-en-un-feminicidio-en-toluca/,Detienen a sujeto involucrado en un feminicidio en Toluca,feminicidio,edo
https://8columnas.com.mx/local/atrapan-a-dos-por-feminicidio-en-toluca/,Atrapan a dos por feminicidio en Toluca,feminicidio,edo
https://8columnas.com.mx/estado-de-mexico/indignacion-por-serie-de-netflix-sobre-feminicidios-en-ecatepec-familiares-exigen-detener-la-produccion/,Indignación por serie de Netflix sobre feminicidios en Ecatepec: Familiares exigen detener la producción,feminicidio,edo
https://8columnas.com.mx/internacional/feminicidio-en-vivo-el-impactante-caso-del-fisicoculturista-nermin-sulejmanovic/,Feminicidio en vivo: El impactante caso del fisicoculturista Nermin Sulejmanovic,feminicidio,edo
https://8columnas.com.mx/estado-de-mexico/a-la-baja-el-feminicidio-en-edomex-secretariado-ejecutivo/,A la baja el feminicidio en Edoméx: Secretariado Ejecutivo,feminicidio,edo
https://8columnas.com.mx/estado-de-mexico/buscan-dialogo-entre-candidatas-y-madres-de-victimas-de-feminicidio/,Buscan diálogo entre candidatas y madres de víctimas de feminicidio,feminicidio,edo
https://8columnas.com.mx/estado-de-mexico/cueste-lo-que-cueste-vamos-a-erradicar-el-feminicidio-en-edomex-delfina-gomez/,"“Cueste lo que cueste, vamos a erradicar el feminicidio en Edomex”: Delfina Gómez",feminicidio,edo
https://8columnas.com.mx/estado-de-mexico/mas-de-90-detenidos-por-feminicidio-en-estado-de-mexico/,Más de 90 detenidos por feminicidio en Estado de México,feminicidio,edo
https://8columnas.com.mx/estado-de-mexico/lev-norman-es-vinculado-a-proceso-por-feminicidio/,Lev Norman es vinculado a proceso por feminicidio,feminicidio,edo
https://8columnas.com.mx/estado-de-mexico/proponen-ley-para-prevenir-investigar-sancionar-y-reparar-el-feminicidio/,"Proponen Ley para Prevenir, Investigar, Sancionar y Reparar el Feminicidio",feminicidio,edo
https://8columnas.com.mx/estado-de-mexico/lo-vinculan-a-proceso-por-feminicidio-en-contra-de-una-menor-de-dos-anos/,Lo vinculan a proceso por feminicidio en contra de una menor de dos años,feminicidio,edo
https://8columnas.com.mx/estado-de-mexico/reubican-memoriales-de-victimas-de-feminicidio-en-toluca/,Reubican memoriales de víctimas de feminicidio en Toluca,feminicidio,edo
https://8columnas.com.mx/estado-de-mexico/no-se-emitira-una-nueva-alerta-por-feminicidio-en-el-edomex-conavim/,No se emitirá una nueva alerta por feminicidio en el Edoméx: CONAVIM,feminicidio,edo
https://8columnas.com.mx/estado-de-mexico/necesario-medir-lo-que-ha-funcionado-o-no-en-el-combate-del-feminicidio-kls/,Necesario medir lo que ha funcionado o no en el combate del feminicidio: KLS,feminicidio,edo
https://8columnas.com.mx/estado-de-mexico/dan-62-anos-a-oscar-garcia-guzman-por-el-feminicidio-de-jessica/,Dan 62 años a Óscar García Guzmán por el feminicidio de Jessica,feminicidio,edo
https://8columnas.com.mx/derechos-humanos/a-un-ano-del-feminicidio-de-wendy-su-agresor-sigue-profugo/,"A un año del feminicidio de Wendy, su agresor sigue prófugo",feminicidio,edo
https://8columnas.com.mx/seguridad/declaran-culpable-a-andres-n-por-feminicidio-de-reyna-n/,Declaran culpable a Andrés «N» por feminicidio de Reyna «N»,feminicidio,edo
https://8columnas.com.mx/estado-de-mexico/se-manifiestan-en-toluca-por-victimas-de-feminicidio-y-desaparicion/,Se manifiestan en Toluca por víctimas de feminicidio y desaparición,feminicidio,edo
https://8columnas.com.mx/estado-de-mexico/en-2021-registro-edomex-377-muertes-de-mujeres-por-homicidio-doloso-y-feminicidio/,En 2021 registró Edoméx 377 muertes de mujeres por homicidio doloso y feminicidio,feminicidio,edo
https://8columnas.com.mx/estado-de-mexico/confirman-prision-vitalicia-a-jose-juan-hernandez-tecruceno-por-feminicidio-de-fatima/,"Confirman ‘prisión vitalicia’ a José Juan Hernández Tecruceño, por feminicidio de Fátima",feminicidio,edo
https://8columnas.com.mx/estado-de-mexico/se-empieza-a-contener-el-feminicidio-en-el-edomex-fgjem/,Se empieza a contener el feminicidio en el Edoméx: FGJEM,feminicidio,edo
https://8columnas.com.mx/estado-de-mexico/dan-prision-vitalicia-a-jose-juan-n-por-feminicidio-de-fatima/,Dan prisión vitalicia a José Juan «N» por feminicidio de Fátima,feminicidio,edo
https://8columnas.com.mx/estado-de-mexico/caso-fatima-12-de-octubre-determinaran-sentencia-absolutoria-o-condenatoria-de-jose-juan-n-uno-de-los-probables-responsables-del-feminicidio-de-la-menor/,"Caso Fátima: 12 de octubre determinarán sentencia absolutoria o condenatoria de José Juan «N», uno de los probables responsables del feminicidio de la menor",feminicidio,edo
https://8columnas.com.mx/al-instante/les-dan-55-anos-de-carcel-por-cometer-un-feminicidio-en-san-antonio-la-isla/,Les dan 55 años de cárcel por cometer un feminicidio en San Antonio La Isla,feminicidio,edo
https://8columnas.com.mx/estado-de-mexico/registra-edomex-97-feminicidios-en-lo-que-va-de-2021/,Registra Edoméx 97 feminicidios en lo que va de 2021,feminicidio,edo
https://8columnas.com.mx/nacional/caso-fatima-el-7-de-octubre-proxima-audiencia-de-juan-jose-n-uno-de-los-probables-responsables-del-feminicidio-de-la-menor/,"Caso Fátima: el 7 de octubre, próxima audiencia de Juan José «N», uno de los probables responsables del feminicidio de la menor",feminicidio,edo
https://8columnas.com.mx/estado-de-mexico/en-6-de-cada-10-feminicidios-se-utilizan-armas-de-fuego/,En 6 de cada 10 feminicidios se utilizan armas de fuego,feminicidio,edo
https://8columnas.com.mx/estado-de-mexico/descienden-feminicidios-y-homicidios-dolosos-en-contra-de-mujeres/,Descienden feminicidios y homicidios dolosos en contra de mujeres,feminicidio,edo
https://8columnas.com.mx/estado-de-mexico/estado-de-mexico-registra-alto-indice-en-feminicidios/,Estado de México registra alto índice en feminicidios,feminicidio,edo
https://8columnas.com.mx/estado-de-mexico/victima-de-intento-de-feminicidio-pide-no-den-carpetazo-a-su-caso/,Víctima de intento de feminicidio pide no den carpetazo a su caso,feminicidio,edo
https://8columnas.com.mx/estado-de-mexico/vinculan-a-proceso-a-sujeto-por-feminicidio-en-toluca/,Vinculan a proceso a sujeto por feminicidio en Toluca,feminicidio,edo
https://8columnas.com.mx/estado-de-mexico/el-tortuoso-proceso-penal-del-feminicidio-de-marianita/,El tortuoso proceso penal del feminicidio de “Marianita”,feminicidio,edo
https://8columnas.com.mx/estado-de-mexico/marchan-feministas-contra-desapariciones-y-feminicidios-en-xonacatlan/,Marchan feministas contra desapariciones y feminicidios en Xonacatlán,feminicidio,edo
https://8columnas.com.mx/estado-de-mexico/sin-avances-investigacion-tras-cinco-meses-del-feminicidio-de-karina/,Sin avances investigación tras cinco meses del feminicidio de Karina,feminicidio,edo
https://8columnas.com.mx/estado-de-mexico/a-un-mes-del-feminicidio-de-wendy-yosselin-aun-no-hay-justicia/,A un mes del feminicidio de Wendy Yosselin aún no hay justicia,feminicidio,edo
https://8columnas.com.mx/estado-de-mexico/disminuyeron-homicidios-dolosos-y-feminicidios-sspc/,Disminuyeron homicidios dolosos y feminicidios: SSPC,feminicidio,edo
https://8columnas.com.mx/local/239616/,Sentencian a mujer acusada del feminicidio de su nieta,feminicidio,edo
https://8columnas.com.mx/estado-de-mexico/feministas-protestan-ante-feminicidios-en-edomex/,Feministas protestan ante feminicidios en Edomex,feminicidio,edo
https://8columnas.com.mx/estado-de-mexico/con-cruces-y-velas-recuerdan-a-victimas-de-feminicidio-en-toluca/,"Con cruces y velas, recuerdan a víctimas de feminicidio en Toluca",feminicidio,edo
https://8columnas.com.mx/al-instante/registraron-feminicidios-seis-municipios-sin-alerta-de-genero/,Registraron feminicidios seis municipios sin Alerta de Género,feminicidio,edo
https://8columnas.com.mx/al-instante/cumplimenta-fgjem-una-orden-de-aprehension-en-contra-de-sujeto-investigado-por-un-feminicidio-en-toluca-2/,Cumplimenta FGJEM una orden de aprehensión en contra de sujeto investigado por feminicidio en Toluca,feminicidio,edo
https://8columnas.com.mx/estado-de-mexico/continua-lucha-contra-feminicidios-en-edomex/,Continúa lucha contra feminicidios en Edoméx,feminicidio,edo
https://8columnas.com.mx/al-instante/le-dan-el-ultimo-adios-a-guadalupe-primer-feminicidio-del-2021/,"Le dan el último adiós a Guadalupe, primer feminicidio del 2021",feminicidio,edo
https://8columnas.com.mx/estado-de-mexico/se-registra-primer-feminicidio-de-2021/,Se registra primer feminicidio de 2021,feminicidio,edo
https://8columnas.com.mx/opinion/insoportable-los-feminicidios-en-el-estado-de-mexico-2/,Insoportable los feminicidios en el Estado de México.,feminicidio,edo
https://8columnas.com.mx/al-instante/vinculan-a-proceso-a-sujeto-investigado-por-el-feminicidio-de-gaby-en-toluca/,Vinculan a proceso a sujeto investigado por el feminicidio de Gaby en Toluca,feminicidio,edo
https://8columnas.com.mx/opinion/insoportable-los-feminicidios-en-el-estado-de-mexico/,Insoportable los feminicidios en el Estado de México,feminicidio,edo
https://8columnas.com.mx/estado-de-mexico/garantiza-fgjem-localizacion-de-responsables-por-feminicidios-en-toluca/,Garantiza FGJEM localización de responsables por feminicidios en Toluca,feminicidio,edo
https://8columnas.com.mx/opinion/los-feminicidios-en-el-estado-de-mexico-un-problema-de-atencion-urgente/,Los feminicidios en el Estado de México un problema de atención urgente,feminicidio,edo
https://8columnas.com.mx/estado-de-mexico/marchan-en-toluca-para-exigir-justicia-por-feminicidios/,Marchan en Toluca para exigir justicia por feminicidios,feminicidio,edo
https://8columnas.com.mx/estado-de-mexico/feministas-colocan-antiofrenda-en-memoria-de-mujeres-victimas-de-feminicidio-en-la-entidad/,Feministas colocan «antiofrenda» en memoria de mujeres víctimas de feminicidio en la entidad,feminicidio,edo
https://8columnas.com.mx/al-instante/de-acuerdo-con-cifras-oficiales-se-redujeron-en-ecatepec-casi-a-la-mitad-los-feminicidios-y-asesinatos-de-mujeres/,"De acuerdo con cifras oficiales, se redujeron en Ecatepec casi a la mitad los feminicidios y asesinatos de mujeres",feminicidio,edo
https://8columnas.com.mx/al-instante/227399/,Reportan triple feminicidio en Tlalnepantla,feminicidio,edo
https://8columnas.com.mx/estado-de-mexico/continuan-feminicidios-en-municipios-de-edomex-con-alerta-de-genero/,Continúan feminicidios en municipios de Edomex con Alerta de Género,feminicidio,edo
https://8columnas.com.mx/al-instante/le-dan-26-anos-de-prision-por-el-feminicidio-de-profesora-de-la-uaemex-en-diciembre-pasado/,Le dan 26 años de prisión por el feminicidio de profesora de la UAEMéx en diciembre pasado,feminicidio,edo
https://8columnas.com.mx/estado-de-mexico/este-sujeto-pasara-el-resto-de-su-vida-en-prision-por-un-feminicidio-en-tecamac/,Este sujeto pasará el resto de su vida en prisión por un feminicidio en  Tecámac,feminicidio,edo
https://8columnas.com.mx/estado-de-mexico/incrementan-feminicidios-en-40-por-ciento-pese-a-pandemia/,Incrementan feminicidios en 40 por ciento pese a pandemia,feminicidio,edo
https://8columnas.com.mx/estado-de-mexico/suma-monstruo-de-toluca-segunda-orden-por-feminicidio/,Suma Monstruo de Toluca segunda orden por feminicidio,feminicidio,edo
https://8columnas.com.mx/al-instante/este-sujeto-es-acusado-por-feminicidio-en-acambay/,Este sujeto es acusado por feminicidio en Acambay,feminicidio,edo
https://8columnas.com.mx/al-instante/registra-edomex-aumento-en-violencia-contra-mujeres-suman-21-feminicidios-en-primer-bimestre-de-2020/,"Registra Edomex aumento en violencia contra mujeres, suman 21 feminicidios en primer bimestre de 2020",feminicidio,edo
https://8columnas.com.mx/al-instante/condena-de-38-anos-a-este-sujeto-por-feminicidio/,Condena de 38 años a este sujeto por feminicidio,feminicidio,edo
https://8columnas.com.mx/al-instante/vinculan-a-proceso-a-una-pareja-por-feminicidio-de-menos-de-3-anos/,Vinculan a proceso a una pareja por feminicidio de menor de 3 años,feminicidio,edo
https://8columnas.com.mx/al-instante/sujeto-es-sentenciado-a-62-anos-de-prision-por-el-acto-de-feminicidio/,Sujeto es sentenciado a 62 años de prisión por el acto de Feminicidio,feminicidio,edo
https://8columnas.com.mx/nacional/amlo-a-favor-de-crear-fiscalia-para-atender-feminicidios/,AMLO a favor de crear fiscalía para atender feminicidios,feminicidio,edo
https://8columnas.com.mx/nacional/mujeres-protestan-en-palacio-nacional-contra-los-feminicidios/,Mujeres protestan en Palacio Nacional contra los feminicidios,feminicidio,edo
https://8columnas.com.mx/al-instante/trabajamos-todos-los-dias-para-erradicar-feminicidios-amlo/,Trabajamos todos los días para erradicar feminicidios: AMLO,feminicidio,edo
https://8columnas.com.mx/al-instante/gertz-manero-no-quiero-desaparecer-feminicidio-ni-voy-a-renunciar/,Gertz Manero No quiero desaparecer feminicidio ni voy a renunciar,feminicidio,edo
https://8columnas.com.mx/estado-de-mexico/desaparicion-del-delito-de-feminicidio-seria-un-retroceso-jorge-olvera-garcia/,Desaparición del delito de feminicidio sería un retroceso: Jorge Olvera García,feminicidio,edo
https://8columnas.com.mx/estado-de-mexico/colocan-primer-memorial-para-recordar-a-victimas-de-feminicidio-en-la-entidad/,Colocan primer memorial para recordar a víctimas de feminicidio en la entidad,feminicidio,edo
https://8columnas.com.mx/sin-categoria-s/pide-rector-de-uach-castigo-ejemplar-por-feminicidio-de-nazaret-bautista/,Pide rector de UACh castigo ejemplar por feminicidio de Nazaret Bautista,feminicidio,edo
https://8columnas.com.mx/al-instante/clausuran-simbolicamente-la-fgjem-exigen-alto-a-feminicidios-y-desapariciones/,Clausuran simbólicamente la FGJEM; exigen alto a feminicidios y desapariciones,feminicidio,edo
https://8columnas.com.mx/al-instante/maestra-de-la-uaem-fue-estrangulada-ya-se-investiga-feminicidio/,"Maestra de la UAEM fue estrangulada, ya se investiga feminicidio",feminicidio,edo
https://8columnas.com.mx/al-instante/emite-codhem-cinco-quejas-por-el-feminicidio-de-jessica-guadalupe-2/,Emite CODHEM cinco quejas por el feminicidio de Jessica Guadalupe,feminicidio,edo
https://8columnas.com.mx/al-instante/emite-codhem-cinco-quejas-por-el-feminicidio-de-jessica-guadalupe/,Emite CODHEM cinco quejas por el feminicidio de Jessica Guadalupe,feminicidio,edo
https://8columnas.com.mx/al-instante/se-dicta-septima-sentencia-condenatoria-por-feminicidio-contra-pareja-detenida-en-ecatepec/,Se dicta séptima sentencia condenatoria por feminicidio contra pareja detenida en Ecatepec,feminicidio,edo
https://8columnas.com.mx/nacional/borran-memoria-sobre-feminicidios-en-ciudad-juarez/,Borran memoria sobre feminicidios en Ciudad Juárez,feminicidio,edo
https://8columnas.com.mx/cdmx/emiten-recomendaciones-por-feminicidios-en-la-cdmx/,Emiten recomendaciones por feminicidios en la CDMX,feminicidio,edo
https://8columnas.com.mx/nacional/esclarecen-feminicidio-de-menor-de-edad-en-guanajuato/,Esclarecen feminicidio de menor de edad en Guanajuato,feminicidio,edo
https://8columnas.com.mx/al-instante/iniciativa-spotlight-busca-delinear-acciones-para-combatir-violencia-de-genero-y-feminicidios/,Iniciativa Spotlight busca delinear acciones para combatir violencia de género y feminicidios,feminicidio,edo
https://8columnas.com.mx/al-instante/cifras-de-feminicidios-refleja-fracaso-en-estrategias-publicas-cndh/,Cifras de feminicidios refleja fracaso en estrategias públicas CNDH,feminicidio,edo
https://8columnas.com.mx/valle-de-mexico/vincula-a-proceso-a-hombre-relacionado-de-feminicidio-en-iztapalapa/,Vincula a proceso a hombre relacionado de feminicidio en Iztapalapa,feminicidio,edo
https://8columnas.com.mx/sin-categoria-s/existen-avances-en-combate-a-feminicidios-y-desaparicion-forzada-ozuna/,Existen avances en combate a feminicidios y desaparición forzada: Ozuna,feminicidio,edo
https://8columnas.com.mx/al-instante/solicitan-aplicacion-de-una-segunda-alerta-de-genero-en-municipios-de-edomex/,Existen avances en combate a feminicidios y desaparición forzada: Ozuna,feminicidio,edo
https://8columnas.com.mx/al-instante/cumplimenta-fgjem-cuarta-orden-de-aprehension-por-feminicidio/,Enfrenta mounstro de Ecatepec cuarta orden de aprehensión por feminicidio,feminicidio,edo
https://8columnas.com.mx/al-instante/consigue-fgjem-5-sentencias-contra-el-feminicidio-en-enero/,Consigue FGJEM 5 sentencias contra el feminicidio en enero,feminicidio,edo
https://8columnas.com.mx/estado-de-mexico/secretaria-de-la-mujer-pide-a-municipios-combatir-violencia-de-genero/,Secretaría de la Mujer pide a municipios combatir violencia de género,violencia+de+género,edo
https://8columnas.com.mx/estado-de-mexico/toluca-inicia-activismo-contra-la-violencia-de-genero/,Toluca inicia activismo contra la violencia de género,violencia+de+género,edo
https://8columnas.com.mx/internacional/protestas-masivas-en-francia-contra-la-violencia-de-genero-y-los-feminicidios/,Protestas masivas en Francia contra la violencia de género y los feminicidios,violencia+de+género,edo
https://8columnas.com.mx/estado-de-mexico/tlalnepantla-intensifica-acciones-contra-la-violencia-de-genero/,Tlalnepantla intensifica acciones contra la violencia de género,violencia+de+género,edo
https://8columnas.com.mx/estado-de-mexico/realizan-operativo-violeta-para-atender-violencia-de-genero-en-edomex/,Realizan operativo violeta para atender violencia de género en Edomex,violencia+de+género,edo
https://8columnas.com.mx/estado-de-mexico/uaemex-e-inegi-impulsan-recoleccion-de-datos-sobre-violencia-de-genero/,UAEMéx e INEGI impulsan recolección de datos sobre violencia de género,violencia+de+género,edo
https://8columnas.com.mx/seguridad/ixtlahuaca-trabaja-para-combatir-la-violencia-de-genero/,Ixtlahuaca trabaja para combatir la violencia de género,violencia+de+género,edo
https://8columnas.com.mx/local/tolerancia-cero-a-la-violencia-de-genero-en-toluca-ricardo-moreno/,Tolerancia cero a la violencia de género en Toluca: Ricardo Moreno,violencia+de+género,edo
https://8columnas.com.mx/estado-de-mexico/disminuye-en-un-5-9-la-violencia-de-genero/,Disminuye en un 5.9% la violencia de género,violencia+de+género,edo
https://8columnas.com.mx/estado-de-mexico/ine-y-partidos-politicos-firman-pacto-por-elecciones-libres-de-violencia-de-genero/,INE y partidos políticos firman pacto por elecciones libres de violencia de género,violencia+de+género,edo
https://8columnas.com.mx/estado-de-mexico/el-99-5-de-los-casos-de-violencia-de-genero-se-ejercen-por-alguien-cercano-a-la-victima/,El 99.5% de los casos de violencia de género se ejercen por alguien cercano a la víctima,violencia+de+género,edo
https://8columnas.com.mx/estado-de-mexico/gem-pone-sobre-la-mesa-el-objetivo-de-mitigar-la-violencia-de-genero/,GEM pone sobre la mesa el objetivo de mitigar la violencia de género,violencia+de+género,edo
https://8columnas.com.mx/estado-de-mexico/pgjem-y-toluca-intentan-erradicar-violencia-de-genero/,PGJEM y Toluca intentan erradicar violencia de género,violencia+de+género,edo
https://8columnas.com.mx/estado-de-mexico/se-faculta-al-gem-para-emitir-alertas-de-violencia-de-genero/,Se faculta al GEM para emitir alertas de violencia de género,violencia+de+género,edo
https://8columnas.com.mx/estado-de-mexico/uaemex-sanciona-a-235-integrantes-relacionados-con-violencia-de-genero/,UAEMéx sanciona a 235 integrantes relacionados con violencia de género,violencia+de+género,edo
https://8columnas.com.mx/estado-de-mexico/centro-de-masculinidades-para-atender-violencia-de-genero/,Centro de Masculinidades para atender Violencia de Género,violencia+de+género,edo
https://8columnas.com.mx/estado-de-mexico/robustecen-la-atencion-de-delitos-vinculados-a-violencia-de-genero/,Robustecen la atención de delitos vinculados a violencia de género,violencia+de+género,edo
https://8columnas.com.mx/estado-de-mexico/en-detras-de-tu-voto-programa-del-ieem-que-reflexiona-sobre-violencia-de-genero/,"En detrás de tu voto, programa del IEEM que reflexiona sobre violencia de género",violencia+de+género,edo
https://8columnas.com.mx/estado-de-mexico/destacan-autoridades-mexiquenses-acciones-para-erradicar-la-violencia-de-genero/,Destacan autoridades mexiquenses acciones para erradicar la violencia de género,violencia+de+género,edo
https://8columnas.com.mx/estado-de-mexico/gobierno-mexiquense-comprometido-con-la-lucha-contra-la-violencia-de-genero/,Gobierno mexiquense comprometido con la lucha contra la violencia de género,violencia+de+género,edo
https://8columnas.com.mx/estado-de-mexico/toluca-prepara-estrategias-para-erradicar-la-violencia-de-genero/,Toluca prepara estrategias para erradicar la violencia de género,violencia+de+género,edo
https://8columnas.com.mx/estado-de-mexico/metepec-atendio-mas-de-70-denuncias-por-violencia-de-genero/,Metepec atendió más de 70 denuncias por violencia de género,violencia+de+género,edo
https://8columnas.com.mx/estado-de-mexico/actua-san-mateo-atenco-para-atender-la-violencia-de-genero/,Actúa San Mateo Atenco para atender la violencia de género,violencia+de+género,edo
https://8columnas.com.mx/estado-de-mexico/emprenden-campana-informativa-para-prevenir-la-violencia-de-genero-en-otzolotepec/,Emprenden campaña informativa para prevenir la violencia de género en Otzolotepec,violencia+de+género,edo
https://8columnas.com.mx/valle-de-mexico/aun-con-el-endurecimiento-de-mecanismos-sigue-latente-la-violencia-de-genero-joanna-f-torres/,"Aún con el endurecimiento de mecanismos, sigue latente la violencia de género: Joanna F. Torres",violencia+de+género,edo
https://8columnas.com.mx/valle-de-mexico/naucalpan-promueve-la-lucha-contra-la-violencia-de-genero/,Naucalpan promueve la lucha contra la violencia de género,violencia+de+género,edo
https://8columnas.com.mx/estado-de-mexico/cuentan-mujeres-de-temoaya-con-atencion-y-prevencion-de-la-violencia-de-genero/,Cuentan mujeres de Temoaya con atención y prevención de la violencia de género,violencia+de+género,edo
https://8columnas.com.mx/estado-de-mexico/impulsa-gem-acciones-en-materia-de-prevencion-de-violencia-de-genero/,Impulsa GEM acciones en materia de prevención de violencia de género,violencia+de+género,edo
https://8columnas.com.mx/estado-de-mexico/debe-terminar-la-violencia-de-genero-alcaldesa-de-amanalco/,Debe terminar la violencia de género: alcaldesa de Amanalco,violencia+de+género,edo
https://8columnas.com.mx/estado-de-mexico/la-violencia-de-genero-no-es-ni-una-moda-ni-una-coyuntura-politica-mucho-menos-es-un-tema-de-genero-es-un-tema-que-nos-corresponde-a-todos-hombres-y-mujeres-por-igual-jose-alber/,"“La violencia de género no es ni una moda, ni una coyuntura política, mucho menos es un tema de género, es un tema que...",violencia+de+género,edo
https://8columnas.com.mx/estado-de-mexico/naucalpan-y-cuautitlan-izcalli-los-mas-rezagados-en-aplicar-su-recurso-de-las-alertas-de-violencia-de-genero/,"Naucalpan y Cuautitlán Izcalli, los más rezagados en aplicar su recurso de las alertas de violencia de género",violencia+de+género,edo
https://8columnas.com.mx/estado-de-mexico/a-periodistas-invitan-a-cursar-diplomado-sobre-violencia-de-genero/,A periodistas  Invitan a cursar diplomado   sobre violencia de género,violencia+de+género,edo
https://8columnas.com.mx/nacional/en-tlaxcala-decretan-alerta-de-violencia-de-genero-contra-las-mujeres/,En Tlaxcala decretan Alerta de Violencia de Género contra las mujeres,violencia+de+género,edo
https://8columnas.com.mx/estado-de-mexico/erradicar-la-violencia-de-genero-asignatura-pendiente-para-nuevas-autoridades/,"Erradicar la violencia de género, asignatura pendiente para nuevas autoridades",violencia+de+género,edo
https://8columnas.com.mx/estado-de-mexico/pan-denuncia-discriminacion-y-violencia-de-genero-contra-karla-fiesco/,PAN denuncia discriminación y violencia de género contra Karla Fiesco,violencia+de+género,edo
https://8columnas.com.mx/estado-de-mexico/elecciones-2021-a-prueba-de-fuego-atacar-la-violencia-de-genero-el-reto/,Elecciones 2021 a prueba de fuego; atacar la violencia de género el reto,violencia+de+género,edo
https://8columnas.com.mx/estado-de-mexico/victorino-sanchez-denunciado-por-violencia-de-genero/,Victorino Sánchez denunciado por violencia de género,violencia+de+género,edo
https://8columnas.com.mx/estado-de-mexico/la-tarea-de-acabar-con-la-violencia-de-genero-y-feminicida-es-aqui-y-es-ahora-codhem/,LA TAREA DE ACABAR CON LA VIOLENCIA DE GÉNERO Y FEMINICIDA “ES AQUÍ Y ES AHORA”: CODHEM,violencia+de+género,edo
https://8columnas.com.mx/estado-de-mexico/pvem-interpuso-denuncia-ante-la-fgjem-por-violencia-de-genero-1/,PVEM interpuso denuncia ante la FGJEM por violencia de género,violencia+de+género,edo
https://8columnas.com.mx/estado-de-mexico/el-gobierno-estatal-y-federal-ponen-en-marcha-primera-unidad-especializada-para-la-atencion-de-violencia-de-genero-2/,El gobierno estatal y federal ponen en marcha primera Unidad Especializada para la atención de violencia de género,violencia+de+género,edo
https://8columnas.com.mx/estado-de-mexico/exhortan-diputados-a-mejorar-estrategias-contra-violencia-de-genero/,Exhortan diputados a mejorar estrategias contra violencia de género,violencia+de+género,edo
https://8columnas.com.mx/estado-de-mexico/juzgado-en-linea-ha-emitido-17-medidas-de-proteccion-a-mujeres-por-violencia-de-genero/,Juzgado en Línea ha emitido 17 medidas de protección a mujeres por violencia de género,violencia+de+género,edo
https://8columnas.com.mx/al-instante/fortalece-gem-acciones-para-la-prevencion-de-violencia-de-genero-1/,Fortalece GEM acciones para la prevención de violencia de género,violencia+de+género,edo
https://8columnas.com.mx/estado-de-mexico/preparan-policias-para-atender-violencia-de-genero-en-san-felipe-del-progreso/,Preparan policías para atender violencia de género en San Felipe del Progreso,violencia+de+género,edo
https://8columnas.com.mx/al-instante/solo-60-municipios-del-edomex-han-aceptado-recomendacion-por-violencia-de-genero/,Solo 60 municipios del Edoméx han aceptado Recomendación por Violencia de Género,violencia+de+género,edo
https://8columnas.com.mx/opinion/arte-colectiva-contra-la-violencia-de-genero/,Arte colectiva contra la violencia de género,violencia+de+género,edo
https://8columnas.com.mx/estado-de-mexico/inauguro-alfredo-barrera-exposicion-contra-la-violencia-de-genero/,Inauguró Alfredo Barrera exposición contra la violencia de género,violencia+de+género,edo
https://8columnas.com.mx/estado-de-mexico/propone-karla-fiesco-colocar-dispositivos-electronicos-a-agresores-para-prevenir-violencia-de-genero/,Propone Karla Fiesco colocar dispositivos  electrónicos a agresores para prevenir violencia de género,violencia+de+género,edo
https://8columnas.com.mx/estado-de-mexico/destaca-gem-colaboracion-para-prevenir-violencia-de-genero/,Destaca GEM colaboración para prevenir violencia de género,violencia+de+género,edo
https://8columnas.com.mx/estado-de-mexico/uaem-actua-contra-violencia-de-genero-alfredo-barrera/,UAEM actúa contra violencia de género: Alfredo Barrera,violencia+de+género,edo
https://8columnas.com.mx/estado-de-mexico/colectivos-feministas-piden-un-alto-a-la-violencia-de-genero-desde-toluca/,Colectivos feministas piden un alto a la violencia de género desde Toluca,violencia+de+género,edo
https://8columnas.com.mx/estado-de-mexico/en-edomex-estamos-en-contra-de-la-violencia-de-genero-admm/,En Edomex estamos en contra de la violencia de género: ADMM,violencia+de+género,edo
https://8columnas.com.mx/al-instante/atiende-uaemex-341-denuncias-de-violencia-de-genero-durante-2020/,Atiende UAEMéx 341 denuncias de violencia de género durante 2020,violencia+de+género,edo
https://8columnas.com.mx/al-instante/acuerdan-congreso-local-y-federacion-fortalecer-estrategia-contra-violencia-de-genero/,Acuerdan Congreso Local y Federación fortalecer estrategia contra violencia de género,violencia+de+género,edo
https://8columnas.com.mx/al-instante/226546/,Presenta Alfredo del Mazo Sistema de Seguimiento de Atención a Generadores de Violencia de Género,violencia+de+género,edo
https://8columnas.com.mx/estado-de-mexico/225957/,Van por ley 3 de 3 en materia de violencia de género en Edomex,violencia+de+género,edo
https://8columnas.com.mx/al-instante/firman-gem-y-unam-convenio-de-combate-a-la-violencia-de-genero/,Firman GEM y UNAM convenio de combate a la violencia de género,violencia+de+género,edo
https://8columnas.com.mx/al-instante/colabora-cemybs-en-foro-contra-violencia-de-genero/,Colabora CEMYBS en foro contra violencia de género,violencia+de+género,edo
https://8columnas.com.mx/estado-de-mexico/223896/,Acciones contra el machismo para frenar la violencia de genero con el pograma  “Masculinidad Es…”,violencia+de+género,edo
https://8columnas.com.mx/seguridad/223300/,Seguridad Pública de Tlalnepantla brinda auxilio por violencia de género,violencia+de+género,edo
https://8columnas.com.mx/estado-de-mexico/sancionar-violencia-de-genero-exhorta-conavim-tras-hechos-en-edomex/,"Sancionar violencia de género, exhorta Conavim tras hechos en Edoméx",violencia+de+género,edo
https://8columnas.com.mx/al-instante/bajan-denuncias-por-violencia-de-genero-durante-la-pandemia-por-covid19/,Disminuyen denuncias por Violencia de Género durante la pandemia por Covid19,violencia+de+género,edo
https://8columnas.com.mx/estado-de-mexico/presenta-admm-estrategia-para-prevenir-violencia-de-genero-durante-la-cuarentena/,Presenta ADMM estrategia para prevenir violencia de género durante la cuarentena,violencia+de+género,edo
https://8columnas.com.mx/cdmx/aprueba-uam-iztapalapa-protocolo-para-atencion-de-violencia-de-genero/,Aprueba UAM Iztapalapa protocolo para atención de violencia de género,violencia+de+género,edo
https://8columnas.com.mx/estado-de-mexico/buscan-combatir-la-violencia-de-genero-en-el-edomex-con-solidaridad-y-concientizacion/,Buscan combatir la violencia de genero en el Edoméx con solidaridad y concientización,violencia+de+género,edo
https://8columnas.com.mx/estado-de-mexico/detienen-a-sujeto-por-el-delito-de-violencia-de-genero/,Detienen a sujeto por el delito de violencia de genero,violencia+de+género,edo
https://8columnas.com.mx/al-instante/prevencion-y-eliminacion-de-la-violencia-de-genero-prioridad-del-gobernador-alfredo-del-mazo/,Prevención y eliminación de la violencia de género: Prioridad del Gobernador Alfredo del Mazo,violencia+de+género,edo
https://8columnas.com.mx/estado-de-mexico/inauguran-ayuntamiento-de-naucalpan-yfgjem-centro-de-atencion-a-la-violencia-de-genero/,Inauguran ayuntamiento de Naucalpan yFGJEM centro de atención a la violencia de género,violencia+de+género,edo
https://8columnas.com.mx/cdmx/conase-organiza-jornada-de-prevencion-de-violencia-de-genero/,CONASE organiza jornada de prevención de violencia de género,violencia+de+género,edo
https://8columnas.com.mx/al-instante/coahuila-y-onu-mujeres-trabajan-en-programas-contra-violencia-de-genero/,Coahuila y ONU Mujeres trabajan en programas contra violencia de género,violencia+de+género,edo
https://8columnas.com.mx/al-instante/pt-va-por-reforma-contra-violencia-de-genero-en-el-trabajo/,PT va por reforma contra violencia de género en el trabajo,violencia+de+género,edo
https://8columnas.com.mx/al-instante/trabajan-cemebys-y-universidades-del-sistema-estatal-en-acciones-para-prevenir-violencia-de-genero/,Trabajan CEMEBYS Y Universidades del Sistema Estatal en acciones para prevenir violencia de género,violencia+de+género,edo
https://8columnas.com.mx/al-instante/trabajan-codhem-con-alumnos-de-secundaria-para-erradicar-violencia-de-genero/,Trabajan CODHEM con alumnos de secundaria para erradicar violencia de género,violencia+de+género,edo
https://8columnas.com.mx/al-instante/generar-masculinidades-positivas-frenara-violencia-de-genero-karina-labastida/,Generar masculinidades positivas frenará violencia de género: Karina Labastida,violencia+de+género,edo
https://8columnas.com.mx/al-instante/refrenda-segob-compromiso-de-erradicar-violencia-de-genero/,Refrenda Segob compromiso de erradicar violencia de género,violencia+de+género,edo
https://8columnas.com.mx/estado-de-mexico/lleva-cemybs-monologo-a-planteles-educativos-para-prevenir-violencia-de-genero/,Lleva CEMYBS monólogo a planteles educativos para prevenir violencia de género,violencia+de+género,edo
https://8columnas.com.mx/estado-de-mexico/analizan-unificacion-del-plan-de-trabajo-para-atender-violencia-de-genero/,Analizan unificación del plan de trabajo para atender violencia de género,violencia+de+género,edo
https://8columnas.com.mx/estado-de-mexico/revisan-creacion-de-nuevo-protocolo-para-sustituir-a-alerta-de-violencia-de-genero/,Revisan creación de nuevo protocolo para sustituir a Alerta de Violencia de Género,violencia+de+género,edo
https://8columnas.com.mx/estado-de-mexico/presenta-patricia-duran-iniciativa-contra-violencia-de-genero/,Presenta Patricia Durán iniciativa contra violencia de género,violencia+de+género,edo
https://8columnas.com.mx/estado-de-mexico/alerta-de-violencia-de-genero-desconocida-entre-mujeres-en-toluca/,"Alerta de violencia de género, desconocida entre mujeres en Toluca",violencia+de+género,edo
https://8columnas.com.mx/valle-de-mexico/abren-ministerio-publico-para-violencia-de-genero/,Abren Ministerio Público  para violencia de género,violencia+de+género,edo
https://8columnas.com.mx/valle-de-mexico/suman-esfuerzos-para-erradicar-violencia-de-genero/,Suman esfuerzos para erradicar violencia de género,violencia+de+género,edo
https://8columnas.com.mx/estado-de-mexico/se-suma-edomex-a-iniciativa-spotlight-como-parte-de-las-acciones-que-se-llevan-acabo-para-erradicar-la-violencia-de-genero-alfredo-del-mazo/,Se suma EdoMéx a iniciativa «Spotlight» como parte de las acciones que se llevan acabo para erradicar la violencia de genero: Alfredo del Mazo,violencia+de+género,edo
https://8columnas.com.mx/al-instante/iniciativa-spotlight-busca-delinear-acciones-para-combatir-violencia-de-genero-y-feminicidios/,Iniciativa Spotlight busca delinear acciones para combatir violencia de género y feminicidios,violencia+de+género,edo
https://8columnas.com.mx/valle-de-mexico/capacita-a-la-policia-para-combatir-violencia-de-genero/,Capacita a la policía para  combatir violencia de género,violencia+de+género,edo
https://8columnas.com.mx/estado-de-mexico/solo-3-ayuntamientos-han-aceptado-recomendaciones-de-codhem-para-erradicar-violencia-de-genero/,Solo 3 ayuntamientos han aceptado recomendaciones de Codhem para erradicar violencia de género,violencia+de+género,edo
https://8columnas.com.mx/valle-de-mexico/onu-y-naucalpan-trabajan-contra-violencia-de-genero/,ONU y Naucalpan trabajan  contra violencia de género,violencia+de+género,edo
https://8columnas.com.mx/estado-de-mexico/necesario-ampliar-alerta-de-violencia-de-genero-maurilio-hernandez/,Necesario ampliar alerta de violencia de género: Maurilio Hernández,violencia+de+género,edo
https://8columnas.com.mx/al-instante/avala-ine-difusion-de-campana-contra-violencia-de-genero-en-puebla/,Avala INE difusión de campaña contra violencia de género en Puebla,violencia+de+género,edo
https://8columnas.com.mx/estado-de-mexico/reforzara-san-mateo-atenco-prevencion-de-violencia-de-genero-tras-recomendacion-de-codhem/,Reforzará San Mateo Atenco prevención de violencia de género tras recomendación de CODHEM,violencia+de+género,edo
https://8columnas.com.mx/valle-de-mexico/mas-acciones-contra-la-violencia-de-genero/,Más acciones contra  la violencia de género,violencia+de+género,edo
https://8columnas.com.mx/valle-de-mexico/destinaran-mas-de-3-millones-para-combatir-violencia-de-genero/,Destinarán más  de 3 millones  para combatir  violencia de género,violencia+de+género,edo
https://8columnas.com.mx/al-instante/acuerdan-acciones-para-erradicar-violencia-de-genero-en-edomex/,Acuerdan acciones para erradicar violencia de género en Edoméx,violencia+de+género,edo
https://8columnas.com.mx/al-instante/reforzaran-acciones-para-erradicar-la-violencia-de-genero-en-el-estado/,Reforzarán acciones para erradicar la violencia de Género en el estado,violencia+de+género,edo
https://8columnas.com.mx/valle-de-mexico/con-cine-debate-sensibilizan-a-policia-sobre-violencia-de-genero-en-tlalnepantla/,"Con Cine Debate, sensibilizan a policía sobre violencia de género en Tlalnepantla",violencia+de+género,edo
https://8columnas.com.mx/nacional/alerta-de-violencia-de-genero-busca-garantizar-seguridad-de-mujeres/,Alerta de Violencia de Género busca garantizar seguridad de mujeres,violencia+de+género,edo
https://8columnas.com.mx/nacional/autoridades-declaran-alerta-de-violencia-de-genero-en-jalisco/,Autoridades declaran alerta de violencia de género en Jalisco,violencia+de+género,edo
https://8columnas.com.mx/valle-de-mexico/en-c-izcalli-combaten-con-todo-violencia-de-genero/,En C. Izcalli combaten con todo violencia de género,violencia+de+género,edo
https://8columnas.com.mx/valle-de-mexico/erradicaran-violencia-de-genero-en-tultitlan/,Erradicarán violencia de género en Tultitlán,violencia+de+género,edo
https://8columnas.com.mx/al-instante/piden-evaluar-alerta-de-violencia-de-genero/,Piden evaluar Alerta de Violencia de Género,violencia+de+género,edo
