title,link,keyword,state
Exigen agravar feminicidio contra mujeres de pueblos originarios y ...,https://laopcion.com.mx/local/exigen-agravar-feminicidio-contra-mujeres-de-pueblos-originarios-y-afroamericanos-20241126-478589.html,feminicidio,chih
Obtienen fallo condenatorio por feminicidio en El Sauz,https://www.laopcion.com.mx/local/obtienen-fallo-condenatorio-por-feminicidio-en-el-sauz-20241130-478901.html,feminicidio,chih
Obtiene pareja fallo condenatorio por feminicidio,https://laopcion.com.mx/local/obtiene-pareja-fallo-condenatorio-por-feminicidio-20241029-476417.html,feminicidio,chih
Le dan 33 años por feminicidio e intento de homicidio de una pareja,https://laopcion.com.mx/juarez/le-dan-33-anos-por-feminicidio-e-intento-de-homicidio-de-una-pareja-20241212-479774.html,feminicidio,chih
Vinculan a hombre por feminicidio agravado en Cuauhtémoc,https://laopcion.com.mx/local/vinculan-a-hombre-por-feminicidio-agravado-en-cuauhtemoc-20241114-477742.html,feminicidio,chih
Lo vinculan a proceso por feminicidio agravado ocurrido en El ...,https://laopcion.com.mx/juarez/lo-vinculan-a-proceso-por-feminicidio-agravado-ocurrido-en-el-granjero-20241128-478755.html,feminicidio,chih
Les fincan cargos penales por secuestro y posterior feminicidio de ...,https://laopcion.com.mx/juarez/les-fincan-cargos-penales-por-secuestro-y-posterior-feminicidio-de-su-victima-20241127-478707.html,feminicidio,chih
Los detienen por el delito de feminicidio - La Opción de Chihuahua,https://laopcion.com.mx/juarez/los-detienen-por-el-delito-de-feminicidio-20241209-479545.html,feminicidio,chih
Enfrentará proceso penal por el feminicidio de su pareja,https://laopcion.com.mx/juarez/enfrentara-proceso-penal-por-el-feminicidio-de-su-pareja-20240420-461171.html,feminicidio,chih
Realizan develación de busto en memoria de María González ...,https://laopcion.com.mx/juarez/realizan-develacion-de-busto-en-memoria-de-maria-gonzalez-victima-de-feminicidio-20240429-462014.html,feminicidio,chih
Imparte TSJ taller sobre el feminicidio y el nuevo sistema penal ...,https://laopcion.com.mx/local/imparte-tsj-taller-sobre-el-feminicidio-y-el-nuevo-sistema-penal-acusatorio-20151210-116830.html,feminicidio,chih
Sentenciado a 41 años en prisión por el feminicidio de Dulce María ...,https://laopcion.com.mx/parral/sentenciado-a-41-anos-en-prision-por-el-feminicidio-de-dulce-maria-en-parral-20240221-455557.html,feminicidio,chih
Presenta Mayra Chávez iniciativa para feminicidios y penas más ...,https://laopcion.com.mx/local/presenta-mayra-chavez-iniciativa-para-feminicidios-y-penas-mas-severas-20160503-134794.html,feminicidio,chih
Obtienen vinculación a proceso contra Daniel Eduwiges R. B. por ...,https://laopcion.com.mx/local/obtienen-vinculacion-a-proceso-contra-daniel-eduwiges-r-b-por-feminicidio-de-adolescente-en-cuauhtemoc-20230822-436973.html,feminicidio,chih
Acompaña presidenta de DIF a madres de víctimas de feminicidio ...,https://laopcion.com.mx/juarez/acompana-presidenta-de-dif-a-madres-de-victimas-de-feminicidio-en-el-navajo-20220818-397265.html,feminicidio,chih
Iniciativa de feminicidio viene a contribuir a comisión: Jáuregui,https://laopcion.com.mx/local/iniciativa-de-feminicidio-viene-a-contribuir-a-comision-jauregui-20170702-179471.html,feminicidio,chih
Ven 2022 como año letal para mujeres periodistas,https://laopcion.com.mx/nacional/ven-2022-como-ano-letal-para-mujeres-periodistas-20221209-410604.html,feminicidio,chih
Es muy irresponsable Andrea: colectivo Sobrevivientes de Feminicidio,https://laopcion.com.mx/juarez/es-muy-irresponsable-andrea-colectivo-sobrevivientes-de-feminicidio-20240420-461150.html,feminicidio,chih
Es mejor dejar la legislación como está y denominarlo feminicidio,https://laopcion.com.mx/amp/local/es-mejor-dejar-la-legislacion-como-esta-y-denominarlo-feminicidio-fiscal-20140821-56585.html,feminicidio,chih
Vinculan a proceso a imputado por feminicidio cometido en ...,https://laopcion.com.mx/local/vinculan-a-proceso-a-imputado-por-feminicidio-cometido-en-guazapares-20230213-417253.html,feminicidio,chih
Entrega Corral iniciativa para tipificar feminicidio,https://laopcion.com.mx/amp/local/entrega-corral-iniciativa-para-tipificar-feminicidio-20170630-179309.html,feminicidio,chih
Entregan apoyo a 9 familiares de víctimas de feminicidio,https://laopcion.com.mx/local/entregan-apoyo-a-9-familiares-de-victimas-de-feminicidio-20241001-474166.html,feminicidio,chih
No retrasará iniciativa del ejecutivo trabajos de comisión en ...,https://laopcion.com.mx/local/no-retrasara-iniciativa-del-ejecutivo-trabajos-de-comision-en-feminicidio-20170630-179338.html,feminicidio,chih
Detienen a la tercer presunta involucrada en feminicidio y el robo de ...,https://laopcion.com.mx/juarez/detienen-a-la-tercer-presunta-involucrada-en-feminicidio-y-el-robo-de-un-comercio-20241029-476455.html,feminicidio,chih
Le dan 28 años de cárcel por feminicidio - La Opción de Chihuahua,https://laopcion.com.mx/local/le-dan-28-anos-de-carcel-por-feminicidio-20210127-306095.html,feminicidio,chih
Sentencian a 41 años de prisión a responsable de feminicidio en ...,https://laopcion.com.mx/policial/sentencian-a-41-anos-de-prision-a-responsable-de-feminicidio-en-madera-20230816-436253.html,feminicidio,chih
Pone en escena la Muestra de Teatro la angustia del feminicidio,https://laopcion.com.mx/local/pone-en-escena-la-muestra-de-teatro-la-angustia-del-feminicidio-20140323-32760.html,feminicidio,chih
En primer sesión extraordinaria se presentara tipificación de ...,https://laopcion.com.mx/local/en-primer-sesion-extraordinaria-se-presentara-tipificacion-de-feminicidio-20170626-178851.html,feminicidio,chih
Vinculan a proceso a imputado por tentativa de feminicidio y ...,https://laopcion.com.mx/juarez/vinculan-a-proceso-a-imputado-por-tentativa-de-feminicidio-y-violencia-familiar-20231031-445532.html,feminicidio,chih
Realizan misa para familias de mujeres víctimas de desaparición y ...,https://laopcion.com.mx/juarez/realizan-misa-para-familias-de-mujeres-victimas-de-desaparicion-y-feminicidio-20240203-453963.html,feminicidio,chih
Le imputan feminicidio cometido en casa de Misiones del Real,https://laopcion.com.mx/policial/le-imputan-feminicidio-cometido-en-casa-de-misiones-del-real-20230116-414397.html,feminicidio,chih
Lo vinculan a proceso por intento de feminicidio y violación contra ...,https://laopcion.com.mx/juarez/lo-vinculan-a-proceso-por-intento-de-feminicidio-y-violacion-contra-su-hija-de-10-anos-20240717-468101.html,feminicidio,chih
Le formulan imputación por feminicidio en Parajes de Oriente,https://laopcion.com.mx/juarez/le-formulan-imputacion-por-feminicidio-en-parajes-de-oriente-20240423-461430.html,feminicidio,chih
Aprehenden a presunto responsable de tentativa de feminicidio ...,https://laopcion.com.mx/policial/aprehenden-a-presunto-responsable-de-tentativa-de-feminicidio-violacion-y-violencia-familiar-en-bocoyna-20230810-435603.html,feminicidio,chih
"Vinculan a taxista de Lidia Gabriela, pero no por feminicidio",https://laopcion.com.mx/nacional/vinculan-a-taxista-de-lidia-gabriela-pero-no-por-feminicidio-20221112-407768.html,feminicidio,chih
Lo sentencian a 41 años de cárcel por feminicidio,https://laopcion.com.mx/juarez/lo-sentencian-a-41-anos-de-carcel-por-feminicidio-20241106-477084.html,feminicidio,chih
Lo declaran culpable de feminicidio y tentativa de homicidio,https://laopcion.com.mx/juarez/lo-declaran-culpable-de-feminicidio-y-tentativa-de-homicidio-20230404-422648.html,feminicidio,chih
No debemos limitarnos a exigir que tapen el pozo cada vez que se ...,https://laopcion.com.mx/local/no-debemos-limitarnos-a-exigir-que-tapen-el-pozo-cada-vez-que-se-ahoga-una-nina-dora-villalobos-20140311-31036.html,feminicidio,chih
Atiende Unidad de Víctimas Directas de Feminicidio a 8 mil 73 ...,https://laopcion.com.mx/local/atiende-unidad-de-victimas-directas-de-feminicidio-a-8-mil-73-mujeres-20240202-453823.html,feminicidio,chih
Enfrentará proceso penal por intento de feminicidio,https://laopcion.com.mx/juarez/enfrentara-proceso-penal-por-intento-de-feminicidio-20231214-449611.html,feminicidio,chih
Responde Lilly Téllez a Jesusa que el primer feminicidio ocurre con ...,https://laopcion.com.mx/nacional/responde-lilly-tellez-a-jesusa-que-el-primer-feminicidio-ocurre-con-el-aborto-20200225-262942.html,feminicidio,chih
Lo sentencian a más de 18 años en prisión por feminicidio y secuestro,https://www.laopcion.com.mx/local/lo-sentencian-a-mas-de-18-anos-en-prision-por-feminicidio-y-secuestro-20240322-458446.html,feminicidio,chih
Avalan cárcel a quien filtre imágenes de víctimas de feminicidios,https://laopcion.com.mx/nacional/avalan-carcel-a-quien-filtre-imagenes-de-victimas-de-feminicidios-ley-ingrid-20230912-439616.html,feminicidio,chih
Presentan acusación por feminicidio vs 3 que levantaron y ...,https://laopcion.com.mx/juarez/presentan-acusacion-por-feminicidio-vs-3-que-levantaron-y-asesinaron-mujer-20240415-460694.html,feminicidio,chih
Colocan pino del feminicidio en la calle victoria,https://laopcion.com.mx/amp/local/colocan-pino-del-feminicidio-en-la-calle-victoria-20191224-256848.html,feminicidio,chih
Quema a su novia; juez rechaza acusarlo de intento de feminicidio,https://laopcion.com.mx/nacional/quema-a-su-novia-juez-rechaza-acusarlo-de-intento-de-feminicidio-20230422-424750.html,feminicidio,chih
Caen dos por feminicidio | La Opción de Chihuahua,https://laopcion.com.mx/juarez/caen-dos-por-feminicidio-20221108-407331.html,feminicidio,chih
Protestan mujeres contra la violencia y feminicidios,https://laopcion.com.mx/local/protestan-mujeres-contra-la-violencia-y-feminicidios-20221203-410099.html,feminicidio,chih
Identifican a víctima de feminicidio en Guerrero,https://laopcion.com.mx/policial/identifican-a-victima-de-feminicidio-en-guerrero-20230915-439956.html,feminicidio,chih
Lo declaran culpable del feminicidio de una psicóloga,https://laopcion.com.mx/juarez/lo-declaran-culpable-del-feminicidio-de-una-psicologa-20230228-418745.html,feminicidio,chih
Protestan mujeres contra la violencia y feminicidios,https://laopcion.com.mx/local/protestan-mujeres-contra-la-violencia-y-feminicidios-20221203-410099.html,feminicidio,chih
Identifican a víctima de feminicidio en Guerrero,https://laopcion.com.mx/policial/identifican-a-victima-de-feminicidio-en-guerrero-20230915-439956.html,feminicidio,chih
Lo acusan de cometer feminicidio en el 2022,https://laopcion.com.mx/juarez/lo-acusan-de-cometer-feminicidio-en-el-2022-20241106-477094.html,feminicidio,chih
Clausuran trabajos de mesa técnica de feminicidios,https://laopcion.com.mx/local/clausuran-trabajos-de-mesa-tecnica-de-feminicidios-20170830-185112.html,feminicidio,chih
Lo declaran culpable del feminicidio de una psicóloga,https://laopcion.com.mx/juarez/lo-declaran-culpable-del-feminicidio-de-una-psicologa-20230228-418745.html,feminicidio,chih
Condenan a hombre por intento de feminicidio contra su pareja,https://laopcion.com.mx/juarez/condenan-a-hombre-por-intento-de-feminicidio-contra-su-pareja-20241030-476529.html,feminicidio,chih
Detiene FEM a presunto responsable de intento de feminicidio en ...,https://laopcion.com.mx/juarez/detiene-fem-a-presunto-responsable-de-intento-de-feminicidio-en-ciudad-juarez-20230816-436278.html,feminicidio,chih
Le formulan cargos por la violación y feminicidio contra su nieta de ...,https://laopcion.com.mx/juarez/le-formulan-cargos-por-la-violacion-y-feminicidio-contra-su-nieta-de-9-anos-20240620-466081.html,feminicidio,chih
A proceso penal dos acusados de cometer feminicidio en la colonia ...,https://laopcion.com.mx/juarez/a-proceso-penal-dos-acusados-de-cometer-feminicidio-en-la-colonia-independencia-ii-20230914-439871.html,feminicidio,chih
Clausuran foro de feminicidios en la Plaza Hidalgo,https://laopcion.com.mx/local/clausuran-foro-de-feminicidios-en-la-plaza-hidalgo-20140923-61694.html,feminicidio,chih
Recuerdan a víctimas de feminicidio en Campo Algodonero,https://laopcion.com.mx/juarez/recuerdan-a-victimas-de-feminicidio-en-campo-algodonero-20231125-447911.html,feminicidio,chih
Lo acusan de cometer feminicidio en el 2022,https://laopcion.com.mx/juarez/lo-acusan-de-cometer-feminicidio-en-el-2022-20241106-477094.html,feminicidio,chih
Los vinculan a proceso por feminicidio agravado,https://laopcion.com.mx/juarez/los-vinculan-a-proceso-por-feminicidio-agravado-20240420-461155.html,feminicidio,chih
Cada 10 minutos una mujer es asesinada a manos de su pareja o ...,https://laopcion.com.mx/nacional/cada-10-minutos-una-mujer-es-asesinada-a-manos-de-su-pareja-o-un-familiar-onu-20241125-478480.html,feminicidio,chih
Los detienen por feminicidio de una mujer aún sin identificar,https://laopcion.com.mx/juarez/los-detienen-por-feminicidio-de-una-mujer-aun-sin-identificar-20230624-430891.html,feminicidio,chih
Pide diputada Terrazas considerar tentativa de feminicidio en ...,https://laopcion.com.mx/local/pide-diputada-terrazas-considerar-tentativa-de-feminicidio-en-adolescentes-20230207-416627.html,feminicidio,chih
Lo vinculan a proceso por feminicidio de adolescente en Cuauhtémoc,https://laopcion.com.mx/local/lo-vinculan-a-proceso-por-feminicidio-de-adolescente-en-cuauhtemoc-20240124-452948.html,feminicidio,chih
Presenta Cedehm libro de poemas sobre angustia del feminicidio,https://laopcion.com.mx/espectaculos/presenta-cedehm-libro-de-poemas-sobre-angustia-del-feminicidio-20140513-39988.html,feminicidio,chih
Pide mario vázquez integrar parlamento abierto a comisión de ...,https://laopcion.com.mx/local/pide-mario-vazquez-integrar-parlamento-abierto-a-comision-de-feminicidios-20211028-357162.html,feminicidio,chih
Hallan culpable a Yolanda Jurado por feminicidio; podría alcanzar ...,https://laopcion.com.mx/noticias/hallan-culpable-a-yolanda-jurado-por-feminicidio-podria-alcanzar-prision-vitalicia-20150527-94244.html,feminicidio,chih
Vinculan a proceso a hombre por feminicidio en Parajes de Oriente,https://laopcion.com.mx/juarez/vinculan-a-proceso-a-hombre-por-feminicidio-en-parajes-de-oriente-20240127-453266.html,feminicidio,chih
El bronco trivializa feminicidios y reclama los hombricidios,https://laopcion.com.mx/amp/nacional/el-bronco-trivializa-feminicidios-y-reclama-los-hombricidios-20191030-252146.html,feminicidio,chih
Vinculan a proceso a acusado de feminicidio en Oasis Revolución,https://laopcion.com.mx/juarez/vinculan-a-proceso-a-acusado-de-feminicidio-en-oasis-revolucion-20231123-447719.html,feminicidio,chih
Obtienen vinculación a proceso de imputado por feminicidio,https://laopcion.com.mx/juarez/obtienen-vinculacion-a-proceso-de-imputado-por-feminicidio-20230704-431852.html,feminicidio,chih
Levanta la voz Comunidad de Escritores en contra del feminicidio y ...,https://laopcion.com.mx/local/levanta-la-voz-comunidad-de-escritores-en-contra-del-feminicidio-y-exigen-justicia-20140306-30375.html,feminicidio,chih
Vinculan a proceso penal a feminicida de avenida Las Industrias,https://laopcion.com.mx/policial/vinculan-a-proceso-penal-a-feminicida-de-avenida-las-industrias-20230808-435304.html,feminicidio,chih
Llaman comunicadoras a medios a realizar coberturas éticas del ...,https://laopcion.com.mx/nacional/llaman-comunicadoras-a-medios-a-realizar-coberturas-eticas-del-feminicidio-20201202-297804.html,feminicidio,chih
Le dan 35 años de cárcel por feminicidio y violación en Guachochi,https://laopcion.com.mx/policial/le-dan-35-anos-de-carcel-por-feminicidio-y-violacion-en-guachochi-20230318-420722.html,feminicidio,chih
Exige Leticia Ortega justicia por el feminicidio de Sayra Esmeralda,https://laopcion.com.mx/juarez/exige-leticia-ortega-justicia-por-el-feminicidio-de-sayra-esmeralda-20240404-459653.html,feminicidio,chih
Desmiente Salas que expolicía absuelto por feminicidio vaya a ser ...,https://laopcion.com.mx/local/desmiente-salas-que-expolicia-absuelto-por-feminicidio-vaya-a-ser-reinstalado-20230628-431309.html,feminicidio,chih
Condenan a hombre por intento de feminicidio contra su pareja,https://laopcion.com.mx/juarez/condenan-a-hombre-por-intento-de-feminicidio-contra-su-pareja-20241030-476529.html,feminicidio,chih
Lo vinculan a proceso por intento de feminicidio en Urbivilla,https://laopcion.com.mx/juarez/lo-vinculan-a-proceso-por-intento-de-feminicidio-en-urbivilla-20240704-467104.html,feminicidio,chih
Formulan imputación a detenidas por feminicidio en la colonia ...,https://laopcion.com.mx/juarez/formulan-imputacion-a-detenidas-por-feminicidio-en-la-colonia-cuauhtemoc-20230523-427703.html,feminicidio,chih
Detiene a sujeto por feminicidio cometido en Ahumada,https://laopcion.com.mx/juarez/detiene-a-sujeto-por-feminicidio-cometido-en-ahumada-20230801-434661.html,feminicidio,chih
Pide Estado mexicano disculpas a víctimas de feminicidio,https://laopcion.com.mx/juarez/pide-estado-mexicano-disculpas-a-victimas-de-feminicidio-20240306-456908.html,feminicidio,chih
Claman justicia por feminicidio de ministerial,https://laopcion.com.mx/delicias/claman-justicia-por-feminicidio-de-ministerial-20200514-269573.html,feminicidio,chih
Enfrentará proceso penal por feminicidio y asalto,https://laopcion.com.mx/juarez/enfrentara-proceso-penal-por-feminicidio-y-asalto-20241002-474306.html,feminicidio,chih
Pasará 41 años en la cárcel por el feminicidio de una psicóloga,https://laopcion.com.mx/juarez/pasara-41-anos-en-la-carcel-por-el-feminicidio-de-una-psicologa-20230302-418939.html,feminicidio,chih
Lo procesan por feminicidio y tentativa de homicidio,https://www.laopcion.com.mx/juarez/lo-procesan-por-feminicidio-y-tentativa-de-homicidio-20210724-342625.html,feminicidio,chih
A punto de presentarse tipificación de feminicidio,https://laopcion.com.mx/local/a-punto-de-presentarse-tipificacion-de-feminicidio-20170608-177244.html,feminicidio,chih
La vinculan a proceso por presuntamente cometer feminicidio y asalto,https://laopcion.com.mx/juarez/la-vinculan-a-proceso-por-presuntamente-cometer-feminicidio-y-asalto-20241004-474488.html,feminicidio,chih
Sentencian a más de 36 años a pareja por feminicidio e intento de ...,https://laopcion.com.mx/juarez/sentencian-a-mas-de-36-anos-a-pareja-por-feminicidio-e-intento-de-asesinato-20241018-475649.html,feminicidio,chih
Le inician juicio por feminicidio en grado de tentativa contra su ex ...,https://laopcion.com.mx/juarez/le-inician-juicio-por-feminicidio-en-grado-de-tentativa-contra-su-ex-pareja-20230822-436936.html,feminicidio,chih
Lo sentencian por tentativa de feminicidio contra una mujer de 17 ...,https://laopcion.com.mx/juarez/lo-sentencian-por-tentativa-de-feminicidio-contra-una-mujer-de-17-anos-20240322-458456.html,feminicidio,chih
Investigan feminicidio de activista que fue quemada viva en jalisco,https://laopcion.com.mx/nacional/investigan-feminicidio-de-activista-que-fue-quemada-viva-en-jalisco-20220721-394097.html,feminicidio,chih
Formulan imputación a detenida por feminicidio,https://laopcion.com.mx/juarez/formulan-imputacion-a-detenida-por-feminicidio-20230522-427624.html,feminicidio,chih
Vinculan a proceso a hombre por tentativa de feminicidio,https://laopcion.com.mx/juarez/vinculan-a-proceso-a-hombre-por-tentativa-de-feminicidio-20230803-434860.html,feminicidio,chih
Buscan sancionar a funcionarios que impidan investigaciones de ...,https://laopcion.com.mx/local/buscan-sancionar-a-funcionarios-que-impidan-investigaciones-de-feminicidio-20170524-175890.html,feminicidio,chih
Lo vinculan a proceso por el intento de feminicidio de una menor,https://www.laopcion.com.mx/juarez/lo-vinculan-a-proceso-por-el-intento-de-feminicidio-de-una-menor-20211229-367184.html,feminicidio,chih
Lo sentencian a 9 años de cárcel por tentativa de feminicidio,https://laopcion.com.mx/juarez/lo-sentencian-a-9-anos-de-carcel-por-tentativa-de-feminicidio-20230906-438804.html,feminicidio,chih
¡Desalmados! Niega hotel entrada a mujer invidente por su perro guía,https://laopcion.com.mx/nacional/desalmados-niega-hotel-entrada-a-mujer-invidente-por-su-perro-guia-20241218-480217.html,mujer,chih
Ejecutan a mujer frente a sus hijos en Tierra y Libertad,https://laopcion.com.mx/local/ejecutan-a-mujer-frente-a-sus-hijos-en-tierra-y-libertad-20241212-479729.html,mujer,chih
Lo detienen en Misiones del Real por golpear a una mujer,https://laopcion.com.mx/juarez/lo-detienen-en-misiones-del-real-por-golpear-a-una-mujer-20241214-479914.html,mujer,chih
Brinda Paty Ulate plática sobre violencia contra la mujer,https://laopcion.com.mx/local/brinda-paty-ulate-platica-sobre-violencia-contra-la-mujer-20241127-478711.html,mujer,chih
Capacitan en diversos cursos de empoderamiento a la mujer,https://laopcion.com.mx/local/capacitan-en-diversos-cursos-de-empoderamiento-a-la-mujer-20240919-473231.html,mujer,chih
Lanza Alcalde podcast en contra de la violencia hacia la mujer,https://laopcion.com.mx/local/lanza-alcalde-podcast-en-contra-de-la-violencia-hacia-la-mujer-20241125-478541.html,mujer,chih
PT hace llamado a disminuir violencia contra la mujer,https://laopcion.com.mx/juarez/pt-hace-llamado-a-disminuir-violencia-contra-la-mujer-20241125-478536.html,mujer,chih
Publican decreto constitucional para la igualdad de la mujer,https://laopcion.com.mx/juarez/publican-decreto-constitucional-para-la-igualdad-de-la-mujer-20241115-477809.html,mujer,chih
Conmemoran en el Congreso el Día Internacional de la Mujer ...,https://laopcion.com.mx/local/conmemoran-en-el-congreso-el-dia-internacional-de-la-mujer-indigena-20240913-472767.html,mujer,chih
Ganan tres meoquenses el Premio a la Mujer Rural,https://laopcion.com.mx/delicias/ganan-tres-meoquenses-el-premio-a-la-mujer-rural-20241030-476485.html,mujer,chih
Celebra Mujer con Valor una década empoderando a las mujeres,https://laopcion.com.mx/local/celebra-mujer-con-valor-una-decada-empoderando-a-las-mujeres-20240510-462877.html,mujer,chih
Mujer roba con violencia tienda en la colonia México 68,https://laopcion.com.mx/juarez/mujer-roba-con-violencia-tienda-en-la-colonia-mexico-68-20241217-480125.html,mujer,chih
Invitan a participar en la convocatoria Mujer Rural 2024,https://laopcion.com.mx/local/invitan-a-participar-en-la-convocatoria-mujer-rural-2024-20240823-471096.html,mujer,chih
Balean a mujer en la colonia Vistas de San Guillermo,https://laopcion.com.mx/local/balean-a-mujer-en-la-colonia-vistas-de-san-guillermo-20241208-479461.html,mujer,chih
Sancionar el aborto forzado es clave para proteger a la mujer,https://laopcion.com.mx/local/sancionar-el-aborto-forzado-es-clave-para-proteger-a-la-mujer-20240805-469614.html,mujer,chih
Piden ayuda para localizar a mujer que olvidó cartera,https://laopcion.com.mx/delicias/piden-ayuda-para-localizar-a-mujer-que-olvido-cartera-20241028-476334.html,mujer,chih
Imparten taller de empoderamiento de la mujer,https://laopcion.com.mx/local/imparten-taller-de-empoderamiento-de-la-mujer-20170311-169490.html,mujer,chih
Recibirá del presupuesto 11 mdp el Instituto municipal de la mujer,https://laopcion.com.mx/local/recibira-del-presupuesto-11-mdp-el-instituto-municipal-de-la-mujer-20161227-162471.html,mujer,chih
Analizan iniciativas para Trabajadores del Campo y la Mujer Rural,https://laopcion.com.mx/local/analizan-iniciativas-para-trabajadores-del-campo-y-la-mujer-rural-20241025-476134.html,mujer,chih
Encuentran con vida a mujer desaparecida en noviembre de 2023,https://laopcion.com.mx/local/encuentran-con-vida-a-mujer-desaparecida-en-noviembre-de-2023-20240110-451724.html,mujer,chih
Hoy se celebra el Día de la Mujer Mexicana | La Opción de Chihuahua,https://laopcion.com.mx/nacional/hoy-se-celebra-el-dia-de-la-mujer-mexicana-20170215-167303.html,mujer,chih
FGE solicita colaboración para identificar a mujer localizada sin vida,https://laopcion.com.mx/policial/fge-solicita-colaboracion-para-identificar-a-mujer-localizada-sin-vida-20220909-400054.html,mujer,chih
Imparten conferencia sobre rol de la mujer a alumnos de secundaria,https://laopcion.com.mx/noticias/imparten-conferencia-sobre-rol-de-la-mujer-a-alumnos-de-secundaria-20140330-33702.html,mujer,chih
Solicitan ayuda para identificar el cadáver de una mujer encontrada ...,https://laopcion.com.mx/juarez/solicitan-ayuda-para-identificar-el-cadaver-de-una-mujer-encontrada-en-zaragoza-20241205-479299.html,mujer,chih
Autorizan Reglamento del Instituto Municipal de la Mujer,https://laopcion.com.mx/noticias/autorizan-reglamento-del-instituto-municipal-de-la-mujer-20140404-34490.html,mujer,chih
Pide Fiscalía de Género ayuda para identificar a mujer localizada ...,https://laopcion.com.mx/juarez/pide-fiscalia-de-genero-ayuda-para-identificar-a-mujer-localizada-sin-vida-20230223-418215.html,mujer,chih
Realizan plática en albergue de migrantes sobre la violencia contra ...,https://laopcion.com.mx/juarez/realizan-platica-en-albergue-de-migrantes-sobre-la-violencia-contra-la-mujer-20240807-469843.html,mujer,chih
Coloca Onmpri manta para eliminar la violencia contra la mujer,https://laopcion.com.mx/local/coloca-onmpri-manta-para-eliminar-la-violencia-contra-la-mujer-20151125-115245.html,mujer,chih
Invita presidenta del DIF municipal a conferencia La Mujer como ...,https://laopcion.com.mx/local/invita-presidenta-del-dif-municipal-a-conferencia-la-mujer-como-factor-de-cambio-20141126-70754.html,mujer,chih
Arrollan a mujer y la hospitalizan - La Opción de Chihuahua,https://www.laopcion.com.mx/delicias/arrollan-a-mujer-y-la-hospitalizan-20210619-337124.html,mujer,chih
Imparten conferencia Magistral sobre participación política de la mujer,https://laopcion.com.mx/local/imparten-conferencia-magistral-sobre-participacion-politica-de-la-mujer-20140328-33538.html,mujer,chih
Atropella Vivebús a mujer y la deja con severas lesiones,https://laopcion.com.mx/noticias/atropella-vivebus-a-mujer-y-la-deja-con-severas-lesiones-20140409-35170.html,mujer,chih
Conmemoran el Día de la Mujer Rural en el Congreso,https://laopcion.com.mx/local/conmemoran-el-dia-de-la-mujer-rural-en-el-congreso-20241015-475345.html,mujer,chih
Vinculan a proceso a mujer por violencia familiar,https://laopcion.com.mx/juarez/vinculan-a-proceso-a-mujer-por-violencia-familiar-20240203-453972.html,mujer,chih
Muere un hombre y queda lesionada una mujer en ataque armado,https://laopcion.com.mx/local/muere-un-hombre-y-queda-lesionada-una-mujer-en-ataque-armado-20241213-479874.html,mujer,chih
Fortalece en NCG Fiscalía de la Mujer acciones contra violencia de ...,https://laopcion.com.mx/nuevo-casas-grandes/fortalece-en-ncg-fiscalia-de-la-mujer-acciones-contra-violencia-de-genero-y-familiar-wendy-chavez-20231005-442365.html,mujer,chih
Se indigna mujer porque hombre le pide pagar la mitad de la cuenta,https://www.laopcion.com.mx/viral/se-indigna-mujer-porque-hombre-le-pide-pagar-la-mitad-de-la-cuenta-20240908-472358.html,mujer,chih
"Ofrece Mujer con valor, atención a menores que han sufrido abuso ...",https://laopcion.com.mx/local/ofrece-mujer-con-valor-atencion-a-menores-que-han-sufrido-abuso-sexual-20240507-462650.html,mujer,chih
El apoyo a la mujer es fundamental para el desarrollo del estado,https://laopcion.com.mx/amp/nacional/el-apoyo-a-la-mujer-es-fundamental-para-el-desarrollo-del-estado-alex-dominguez-20160308-127870.html,mujer,chih
Comisión Local de Búsqueda se suma a ... - La Opción de Chihuahua,https://laopcion.com.mx/policial/comision-local-de-busqueda-se-suma-a-la-busqueda-de-mujer-desaparecida-20230720-433457.html,mujer,chih
Piden apoyo para localizar a familiares de mujer extraviada,https://laopcion.com.mx/noticias/piden-apoyo-para-localizar-a-familiares-de-mujer-extraviada-20170104-163277.html,mujer,chih
Ofrece PAN Municipal conferencias por día de la Mujer,https://laopcion.com.mx/local/ofrece-pan-municipal-conferencias-por-dia-de-la-mujer-20140308-30592.html,mujer,chih
Atropellan a mujer en periférico de Parral - La Opción de Chihuahua,https://laopcion.com.mx/noticias/atropellan-a-mujer-en-periferico-de-parral-20161118-158358.html,mujer,chih
Lesionan a mujer embarazada en Riveras del Valle,https://laopcion.com.mx/juarez/lesionan-a-mujer-embarazada-en-riveras-del-valle-20241218-480221.html,mujer,chih
Realizan primer conservatorio Binacional sobre la mujer de México,https://laopcion.com.mx/nacional/realizan-primer-conservatorio-binacional-sobre-la-mujer-de-mexico-20160202-123159.html,mujer,chih
Presenta Yesenia Reyes iniciativa para declarar el Día Estatal de la ...,https://laopcion.com.mx/local/presenta-yesenia-reyes-iniciativa-para-declarar-el-dia-estatal-de-la-mujer-rural-20241015-475365.html,mujer,chih
Piden apoyo para hallar a familiares de mujer extraviada,https://laopcion.com.mx/noticias/piden-apoyo-para-hallar-a-familiares-de-mujer-extraviada-20170703-179640.html,mujer,chih
En reunión de la Comisión de la Mujer y Equidad de Género ...,https://laopcion.com.mx/juarez/en-reunion-de-la-comision-de-la-mujer-y-equidad-de-genero-presentan-el-libro-reflexiones-sobre-la-accion-publica-20230417-424126.html,mujer,chih
Promueve Desarrollo Urbano lucha contra violencia hacia la mujer,https://laopcion.com.mx/local/promueve-desarrollo-urbano-lucha-contra-violencia-hacia-la-mujer-20141125-70644.html,mujer,chih
Mujer migrante da a luz a niña en Juárez - La Opción de Chihuahua,https://laopcion.com.mx/juarez/mujer-migrante-da-a-luz-a-nina-en-juarez-20240511-462964.html,mujer,chih
Encuentran a mujer sin vida en carretera a majalca,https://www.laopcion.com.mx/policial/encuentran-a-mujer-sin-vida-en-carretera-a-majalca-20210123-305522.html,mujer,chih
Formulan cargos contra feminicida de mujer en Las Industrias,https://laopcion.com.mx/policial/formulan-cargos-contra-feminicida-de-mujer-en-las-industrias-20230802-434768.html,mujer,chih
Rescatan a mujer atrapada en un elevador de la Secretaría del ...,https://laopcion.com.mx/local/rescatan-a-mujer-atrapada-en-un-elevador-de-la-secretaria-del-trabajo-20240808-469884.html,mujer,chih
Entregarán reconocimiento a Mujer Distinguida en Delicias,https://laopcion.com.mx/noticias/entregaran-reconocimiento-a-mujer-distinguida-en-delicias-20160204-123515.html,mujer,chih
Mujer intenta lanzarse de puente en Avenida de las Torres,https://laopcion.com.mx/juarez/mujer-intenta-lanzarse-de-puente-en-avenida-de-las-torres-20241007-474660.html,mujer,chih
Identifican restos de mujer encontrados cerca del Cristo Negro,https://laopcion.com.mx/noticias/identifican-restos-de-mujer-encontrados-cerca-del-cristo-negro-20130805-785.html,mujer,chih
Muere mujer al volcar en la rúa de Delicias a Chihuahua,https://laopcion.com.mx/local/muere-mujer-al-volcar-en-la-rua-de-delicias-a-chihuahua-20241123-478394.html,mujer,chih
No debemos permanecer ajenos a la violencia contra la mujer,https://laopcion.com.mx/local/no-debemos-permanecer-ajenos-a-la-violencia-contra-la-mujer-teporaca-20140910-59854.html,mujer,chih
Atropellan a mujer en ciudad Aldama | La Opción de Chihuahua,https://www.laopcion.com.mx/local/atropellan-a-mujer-en-ciudad-aldama-20240901-471736.html,mujer,chih
Se realizará el cabildo de mujeres este martes,https://laopcion.com.mx/parral/se-realizara-el-cabildo-de-mujeres-este-martes-20220307-377247.html,mujer,chih
Rescatan a mujer embarazada que intento quitarse la vida,https://laopcion.com.mx/juarez/rescatan-a-mujer-embarazada-que-intento-quitarse-la-vida-20240819-470763.html,mujer,chih
Captan rescate de mujer que se tiró de un puente y fue tomada del ...,https://laopcion.com.mx/nacional/captan-rescate-de-mujer-que-se-tiro-de-un-puente-y-fue-tomada-del-cabello-20240818-470694.html,mujer,chih
Muere mujer y se lesionan cuatro al volcar en la rúa a Villa ...,https://laopcion.com.mx/noticias/muere-mujer-y-se-lesionan-cuatro-al-volcar-en-la-rua-a-villa-ahumadajuarez-20150916-107584.html,mujer,chih
Fortalecerán Fiscalía de la Mujer con personal suficiente y capacitado,https://laopcion.com.mx/nuevo-casas-grandes/fortaleceran-fiscalia-de-la-mujer-con-personal-suficiente-y-capacitado-20231211-449356.html,mujer,chih
Alista iglesia católica marcha a favor de la mujer y la vida,https://laopcion.com.mx/local/alista-iglesia-catolica-marcha-a-favor-de-la-mujer-y-la-vida-20210925-351627.html,mujer,chih
Realizará justicia para nuestras hijas actividades vs violencia contra ...,https://laopcion.com.mx/local/realizara-justicia-para-nuestras-hijas-actividades-vs-violencia-contra-la-mujer-20211022-356157.html,mujer,chih
Rescatan a mujer tras fuga de gas en la colonia Nacional,https://laopcion.com.mx/local/rescatan-a-mujer-tras-fuga-de-gasen-la-colonia-nacional-20240805-469627.html,mujer,chih
Cada 10 minutos una mujer es asesinada a manos de su pareja o ...,https://laopcion.com.mx/nacional/cada-10-minutos-una-mujer-es-asesinada-a-manos-de-su-pareja-o-un-familiar-onu-20241125-478480.html,mujer,chih
Mujer ebria choca contra muro de contención en el Canal,https://laopcion.com.mx/policial/mujer-ebria-choca-contra-muro-de-contencion-en-el-canal-20141207-72338.html,mujer,chih
Solicitan apoyo para identificar a mujer que dejaron en tiradero ...,https://laopcion.com.mx/juarez/solicitan-apoyo-para-identificar-a-mujer-que-dejaron-en-tiradero-clandestino-20240826-471315.html,mujer,chih
Vuelca mujer en curvas de la 20 de noviembre,https://laopcion.com.mx/local/vuelca-mujer-en-curvas-de-la-20-de-noviembre-20241031-476615.html,mujer,chih
Inauguran exposición fotográfica Grito de Mujer en congreso del ...,https://laopcion.com.mx/local/inauguran-exposicion-fotografica-grito-de-mujer-en-congreso-del-estado-20230303-419053.html,mujer,chih
Hallan muerta a mujer en chihuahua 2000,https://laopcion.com.mx/policial/hallan-muerta-a-mujer-en-chihuahua-2000-20200710-276303.html,mujer,chih
Conmemora Immujeres Día de la Eliminación de la Violencia vs la ...,https://laopcion.com.mx/amp/local/conmemora-immujeres-dia-de-la-eliminacion-de-la-violencia-vs-la-mujer-con-dianaranja-20140525-42033.html,mujer,chih
Inicia Universidad Tecnológica jornadas por Día de la Mujer,https://laopcion.com.mx/juarez/inicia-universidad-tecnologica-jornadas-por-dia-de-la-mujer-20240305-456802.html,mujer,chih
Colaboran Municipio y FGE para combatir violencia contra mujeres,https://laopcion.com.mx/local/colaboran-municipio-y-fge-para-combatir-violencia-contra-mujeres-20241214-479920.html,mujer,chih
Asisten estatales a mujer en labor de parto en la calle,https://laopcion.com.mx/local/asisten-estatales-a-mujer-en-labor-de-parto-en-la-calle-20240901-471739.html,mujer,chih
Realiza Ivon Salazar recital poético en pro de la mujer,https://laopcion.com.mx/local/realiza-ivon-salazar-recital-poetico-en-pro-de-la-mujer-20221124-409136.html,mujer,chih
Premia municipio a mujeres distinguidas de Delicias,https://laopcion.com.mx/noticias/premia-municipio-a-mujeres-distinguidas-de-delicias-20140308-30636.html,mujer,chih
Finaliza jornada de actividades día internacional de la mujer en ...,https://laopcion.com.mx/local/finaliza-jornada-de-actividades-dia-internacional-de-la-mujer-en-canaco-20210309-314361.html,mujer,chih
Conmemoran panistas el Día internacional de la mujer,https://laopcion.com.mx/local/conmemoran-panistas-el-dia-internacional-de-la-mujer-20140308-30651.html,mujer,chih
Detienen a mujer de 28 años por agredir a su mamá,https://laopcion.com.mx/juarez/detienen-a-mujer-de-28-anos-por-agredir-a-su-mama-20241214-479912.html,mujer,chih
Mujer pierde una pierna al ser aplastada por el tren,https://laopcion.com.mx/juarez/mujer-pierde-una-pierna-al-ser-aplastada-por-el-tren-20240915-472899.html,mujer,chih
Video: Mujer lanza licuado a empleada de tienda,https://laopcion.com.mx/nacional/video-mujer-lanza-licuado-a-empleada-de-tienda-20210106-302904.html,mujer,chih
Asisten estatales a mujer en labor de parto en la calle,https://laopcion.com.mx/local/asisten-estatales-a-mujer-en-labor-de-parto-en-la-calle-20240901-471739.html,mujer,chih
Abordan retos en la participación política de la mujer,https://laopcion.com.mx/juarez/abordan-retos-en-la-participacion-politica-de-la-mujer-20221003-403229.html,mujer,chih
Presenta el Instituto de la Mujer libro sobre su historia,https://laopcion.com.mx/local/presenta-el-instituto-de-la-mujer-libro-sobre-su-historia-20150317-85785.html,mujer,chih
Muere mujer al caer a canal; menor resulta herido,https://laopcion.com.mx/local/muere-mujer-al-caer-a-canal-menor-resulta-herido-20241127-478720.html,mujer,chih
Mujer se arroja de puente en la Francisco Villarreal,https://laopcion.com.mx/juarez/mujer-se-arroja-de-puente-en-la-francisco-villarreal-20241116-477876.html,mujer,chih
Conoce el trabajo del Instituto Chihuahuense de la Mujer,https://laopcion.com.mx/local/conoce-el-trabajo-del-instituto-chihuahuense-de-la-mujer-20140331-33823.html,mujer,chih
CNDH señala a la GN por la muerte de una mujer embarazada,https://laopcion.com.mx/nacional/cndh-senala-a-la-gn-por-la-muerte-de-una-mujer-embarazada-20221011-404184.html,mujer,chih
Piden encontrar a mujer desaparecida desde el 2008,https://laopcion.com.mx/policial/piden-encontrar-a-mujer-desaparecida-desde-el-2008-20210407-320702.html,mujer,chih
Es Juarense la primer mujer del Estado en llevar un proyecto con la ...,https://laopcion.com.mx/juarez/es-juarense-la-primer-mujer-del-estado-en-llevar-un-proyecto-con-la-nasa-20241108-477251.html,mujer,chih
Abre paso rol de la mujer chihuahuense en la minería,https://laopcion.com.mx/local/abre-paso-rol-de-la-mujer-chihuahuense-en-la-mineria-20220111-369008.html,mujer,chih
Atienden síndromes en mujeres en situación de violencia,https://laopcion.com.mx/amp/local/atienden-sindromes-en-mujeres-en-situacion-de-violencia-20150209-81048.html,mujer,chih
Vinculan a proceso a masculino por agredir a mujer embarazada,https://laopcion.com.mx/nuevo-casas-grandes/vinculan-a-proceso-a-masculino-por-agredir-a-mujer-embarazada-20231201-448475.html,mujer,chih
Arrolla camión del Bowi a mujer y queda herida de gravedad,https://laopcion.com.mx/local/arrolla-camion-del-bowi-a-mujer-y-queda-herida-de-gravedad-20240412-460397.html,mujer,chih
Resulta mujer herida al ser arrollada en el Ortiz Mena,https://laopcion.com.mx/local/resulta-mujer-herida-al-ser-arrollada-en-el-ortiz-mena-20240913-472823.html,mujer,chih
Hallan mujer muerta en casa de los frailes - La Opción de Chihuahua,https://laopcion.com.mx/policial/hallan-mujer-muerta-en-casa-de-los-frailes-20200710-276293.html,mujer,chih
Identifican al ejecutado y a mujer herida en Santo Niño,https://laopcion.com.mx/local/identifican-al-ejecutado-y-a-mujer-herida-en-santo-nino-20241214-479910.html,mujer,chih
Desisten de encarcelar a niña por aborto espontáneo en Querétaro,https://laopcion.com.mx/nacional/desisten-de-encarcelar-a-nina-por-aborto-espontaneo-en-queretaro-20241030-476548.html,niña,chih
¿Cuándo finalmente lloverá? La Niña activará una temporada de ...,https://laopcion.com.mx/nacional/cuando-finalmente-llovera-la-nina-activara-una-temporada-de-lluvias-en-verano-20240511-462977.html,niña,chih
Alegría y amor en el Día del Niño y la Niña en el asentamiento ...,https://laopcion.com.mx/local/alegria-y-amor-en-el-dia-del-nino-y-la-nina-en-el-asentamiento-tarahumara-los-nogales-20240430-462134.html,niña,chih
Muere niña de 15 meses en choque en la carretera a Aldama,https://laopcion.com.mx/policial/muere-nina-de-15-meses-en-choque-en-la-carretera-a-aldama-20170206-166446.html,niña,chih
Hallan a niña de 2 años deambulando sola en calles de Puerto ...,https://laopcion.com.mx/juarez/hallan-a-nina-de-2-anos-deambulando-sola-en-calles-de-puerto-anapra-20240930-474093.html,niña,chih
Conmemora Upch el Día Internacional de la Mujer y la Niña en la ...,https://laopcion.com.mx/local/conmemora-upch-el-dia-internacional-de-la-mujer-y-la-nina-en-la-ciencia-20240211-454588.html,niña,chih
Resguardan a niño de 4.años y niña de 6 que caminaban solos por ...,https://laopcion.com.mx/juarez/resguardan-a-nino-de-4anos-y-nina-de-6-que-caminaban-solos-por-las-calles-20241003-474379.html,niña,chih
"Apoyan a niña con cáncer y a la vez, a migrantes venezolanos",https://laopcion.com.mx/juarez/apoyan-a-nina-con-cancer-y-a-la-vez-a-migrantes-venezolanos-20221023-405542.html,niña,chih
"Conoce a Mía, la niña juarense multimedallista",https://laopcion.com.mx/juarez/conoce-a-mia-la-nina-juarense-multimedallista-20240622-466263.html,niña,chih
Agentes de Seguridad Vial donan plaquetas para niña con leucemia,https://laopcion.com.mx/juarez/agentes-de-seguridad-vial-donan-plaquetas-para-nina-con-leucemia-20230220-417918.html,niña,chih
Buscan a familiares de niña de 10 años - La Opción de Chihuahua,https://laopcion.com.mx/noticias/buscan-a-familiares-de-nina-de-10-anos-20170727-181883.html,niña,chih
Atropellan a una niña de dos años al sur de la ciudad,https://laopcion.com.mx/policial/atropellan-a-una-nina-de-dos-anos-al-sur-de-la-ciudad-20160228-126634.html,niña,chih
Mujer migrante da a luz a niña en Juárez - La Opción de Chihuahua,https://laopcion.com.mx/juarez/mujer-migrante-da-a-luz-a-nina-en-juarez-20240511-462964.html,niña,chih
Agradece niña de 5 años a Duarte por operación a corazón abierto,https://laopcion.com.mx/noticias/agradece-nina-de-5-anos-a-duarte-por-operacion-a-corazon-abierto-20150710-100010.html,niña,chih
Entregan órtesis para extremidades inferiores a niña de 10 años,https://laopcion.com.mx/local/entregan-ortesis-para-extremidades-inferiores-a-nina-de-10-anos-20141028-66681.html,niña,chih
Muere niña ahogada en una granja del ejido Sacramento,https://laopcion.com.mx/local/muere-nina-ahogada-en-una-granja-del-ejido-sacramento-20241126-478646.html,niña,chih
Una pareja abandonó a la niña: fiscal Wendy Chávez,https://laopcion.com.mx/juarez/una-pareja-abandono-a-la-nina-fiscal-wendy-chavez-20230830-438048.html,niña,chih
Niegan entrada a niña en primaria a pesar de que fue preinscrita,https://laopcion.com.mx/local/niegan-entrada-a-nina-en-primaria-a-pesar-de-que-fue-preinscrita-20160824-148808.html,niña,chih
Corte ordena transfusión de sangre a niña indígena de Chihuahua,https://laopcion.com.mx/local/corte-ordena-transfusion-de-sangre-a-nina-indigena-de-chihuahua-20180816-211673.html,niña,chih
Cae niña de juego mecánico en la Expo Delicias,https://laopcion.com.mx/noticias/cae-nina-de-juego-mecanico-en-la-expo-delicias-20160711-143876.html,niña,chih
Protege juarense a su niña al desplomarse el techo de su casa,https://laopcion.com.mx/noticias/protege-juarense-a-su-nina-al-desplomarse-el-techo-de-su-casa-20130809-1250.html,niña,chih
Venden padres a niña triqui por $40 mil - La Opción de Chihuahua,https://laopcion.com.mx/amp/nacional/venden-padres-a-nina-triqui-por-40-mil-20140305-30065.html,niña,chih
Piden apoyar evento a beneficio de la niña Renata,https://laopcion.com.mx/amp/local/piden-apoyar-evento-a-beneficio-de-la-nina-renata-20200127-259951.html,niña,chih
Declaran el 11 de octubre como el Día de la Niña Chihuahuense,https://laopcion.com.mx/local/declaran-el-11-de-octubre-como-el-dia-de-la-nina-chihuahuense-20240206-454186.html,niña,chih
"Atropella conductor a bebé, niña y mujer en la colonia Santa Rosa",https://laopcion.com.mx/policial/atropella-conductor-a-bebe-nina-y-mujer-en-la-colonia-santa-rosa-20160208-123912.html,niña,chih
Crea niña app para ayudar niños con déficit de atención,https://laopcion.com.mx/nacional/crea-nina-app-para-ayudar-ninos-con-deficit-de-atencion-20170609-177359.html,niña,chih
Niña improvisa balsa para salvar de inundación a sus animales,https://laopcion.com.mx/nacional/nina-improvisa-balsa-para-salvar-de-inundacion-a-sus-animales-20190404-234448.html,niña,chih
Toma posesión la niña Fiscal General del Estado,https://laopcion.com.mx/local/toma-posesion-la-nina-fiscal-general-del-estado-20140430-38110.html,niña,chih
Entrega Grupos Vulnerables silla de ruedas especial a niña de 3 años,https://laopcion.com.mx/local/entrega-grupos-vulnerables-silla-de-ruedas-especial-a-nina-de-3-anos-20160209-124043.html,niña,chih
Naomi campbelle es madre por primera vez tras dar a luz a una niña,https://laopcion.com.mx/amp/nacional/naomi-campbelle-es-madre-por-primera-vez-tras-dar-a-luz-a-una-nina-20210519-330191.html,niña,chih
Localizan a María de Jesús y a su niña - La Opción de Chihuahua,https://laopcion.com.mx/local/localizan-a-maria-de-jesus-y-a-su-nina-20200112-258389.html,niña,chih
Gana niña Juarenses medalla de oro en campeonato nacional,https://laopcion.com.mx/juarez/gana-nina-juarenses-medalla-de-oro-en-campeonato-nacional-20241109-477316.html,niña,chih
Entrega diputado Rodríguez apoyo a escuela de niña diputada,https://laopcion.com.mx/local/entrega-diputado-rodriguez-apoyo-a-escuela-de-nina-diputada-20230422-424709.html,niña,chih
Reportan en México 9 partos de niñas al día,https://laopcion.com.mx/nacional/reportan-en-mexico-9-partos-de-ninas-al-dia-20241117-477944.html,niña,chih
Mueren en incendio una mujer y una niña en Juárez,https://laopcion.com.mx/amp/juarez/mueren-en-incendio-una-mujer-y-una-nina-en-juarez-20191130-254813.html,niña,chih
Falso el rumor de que jennifer aniston habría adoptado una niña,https://www.laopcion.com.mx/nacional/falso-el-rumor-de-que-jennifer-aniston-habria-adoptado-una-nina-20210413-322195.html,niña,chih
Fallece niña al probar cocaína que su padre dejó en la casa,https://www.laopcion.com.mx/nacional/fallece-nina-al-probar-cocaina-que-su-padre-dejo-en-la-casa-20201001-288522.html,niña,chih
Rescata vecino a niña de 8 años de vivienda en llamas en Ciudad ...,https://laopcion.com.mx/noticias/rescata-vecino-a-nina-de-8-anos-de-vivienda-en-llamas-en-ciudad-juarez-20131128-16392.html,niña,chih
Video: Niña rompe en llanto al saludar al Papa,https://laopcion.com.mx/noticias/video-nina-rompe-en-llanto-al-saludar-al-papa-20160217-125229.html,niña,chih
Atropellan a niña en la Terminal Norte del Vivebús,https://laopcion.com.mx/policial/atropellan-a-nina-en-la-terminal-norte-del-vivebus-20130902-4586.html,niña,chih
Obligan a niña de 5 años a fumar marihuana en Colombia,https://laopcion.com.mx/nacional/obligan-a-nina-de-5-anos-a-fumar-marihuana-en-colombia-20180919-215129.html,niña,chih
Falso que hayan castigado a niña que me corrigió: secretario Nuño,https://laopcion.com.mx/nacional/falso-que-hayan-castigado-a-nina-que-me-corrigio-secretario-nuno-20161115-157985.html,niña,chih
Se mete patrulla a casa por esquivar una niña,https://laopcion.com.mx/policial/se-mete-patrulla-a-casa-por-esquivar-una-nina-20180110-195458.html,niña,chih
Balea niña de 12 años a mujer durante festejos patrios,https://laopcion.com.mx/nacional/balea-nina-de-12-anos-a-mujer-durante-festejos-patrios-20200919-286719.html,niña,chih
Tenía un día de nacida una de las víctimas de incendio; vecino ...,https://laopcion.com.mx/policial/tenia-un-dia-de-nacida-una-de-las-victimas-de-incendio-vecino-salvo-a-nina-20141223-74692.html,niña,chih
Hallan a niña de 9 años que había desaparecido,https://laopcion.com.mx/policial/hallan-a-nina-de-9-anos-que-habia-desaparecido-20190423-236291.html,niña,chih
Salva a niña de dos años que cayó de segundo piso,https://laopcion.com.mx/nacional/salva-a-nina-de-dos-anos-que-cayo-de-segundo-piso-20190627-242612.html,niña,chih
Muere niña de un año al caer de montacargas,https://laopcion.com.mx/noticias/muere-nina-de-un-ano-al-caer-de-montacargas-20170829-185052.html,niña,chih
Narra Jefe Fierro cómo salvó del suicidio a niña de 10 años,https://laopcion.com.mx/local/narra-jefe-fierro-como-salvo-del-suicidio-a-nina-de-10-anos-20220918-401140.html,niña,chih
"Murió Abigail, niña cargada en brazos por su padre para llegar al ...",https://laopcion.com.mx/nacional/murio-abigail-nina-cargada-en-brazos-por-su-padre-para-llegar-al-hospital-20210201-306877.html,niña,chih
Hombre de familia deja todo para convertirse en una niña,https://laopcion.com.mx/nacional/hombre-de-familia-deja-todo-para-convertirse-en-una-nina-20151213-117183.html,niña,chih
Trasladan vía aérea por urgencia médica a niña de 3 años a ...,https://laopcion.com.mx/juarez/trasladan-via-aerea-por-urgencia-medica-a-nina-de-3-anos-a-chihuahua-20240822-470999.html,niña,chih
Niña de 6 años intenta suicidarse | La Opción de Chihuahua,https://laopcion.com.mx/nacional/nina-de-6-anos-intenta-suicidarse-20170224-168124.html,niña,chih
Fallece la niña herida en encontronazo con tráiler en la rúa a Juárez,https://laopcion.com.mx/policial/fallece-la-nina-herida-en-encontronazo-con-trailer-en-la-rua-a-juarez-20141106-67969.html,niña,chih
Rescatan INM y Guardia Nacional a niña migrante en San Jerónimo,https://laopcion.com.mx/juarez/rescatan-inm-y-guardia-nacional-a-nina-migrante-en-san-jeronimo-20230327-421728.html,niña,chih
Se deslinda EU de muerte de niña migrante,https://laopcion.com.mx/amp/nacional/se-deslinda-eu-de-muerte-de-nina-migrante-20181215-223307.html,niña,chih
Muerte de niña reportada fallecida por suspensión pudo ser ...,https://laopcion.com.mx/local/muerte-de-nina-reportada-fallecida-por-suspension-pudo-ser-accidental-20230329-422008.html,niña,chih
Rescatan a niña de 3 años atrapada bajo los escombros tras ...,https://www.laopcion.com.mx/nacional/rescatan-a-nina-de-3-anos-atrapada-bajo-los-escombros-tras-terremoto-en-turquia-20201103-293725.html,niña,chih
Bomberos resguardan a niña que deambulaba en calles,https://laopcion.com.mx/policial/bomberos-resguardan-a-nina-que-deambulaba-en-calles-20200625-274412.html,niña,chih
Buscan a niña deliciense desaparecida en monterrey,https://www.laopcion.com.mx/delicias/buscan-a-nina-deliciense-desaparecida-en-monterrey-20210223-311122.html,niña,chih
Muere niña de 5 años a horas de dar positivo a covid,https://laopcion.com.mx/noticias/muere-nina-de-5-anos-a-horas-de-dar-positivo-a-covid-20201110-294775.html,niña,chih
Investigan autoridades muerte de niña por enfermedad respiratoria,https://laopcion.com.mx/juarez/investigan-autoridades-muerte-de-nina-por-enfermedad-respiratoria-20240220-455432.html,niña,chih
Aerolínea china paga boleto a niña mexicana para ir a competencia ...,https://laopcion.com.mx/nacional/aerolinea-china-paga-boleto-a-nina-mexicana-para-ir-a-competencia-de-aritmetica-20190718-244263.html,niña,chih
Muere niña de 4 años por choque en la rúa Cuauhtémoc-Álvaro ...,https://laopcion.com.mx/noticias/muere-nina-de-4-anos-por-choque-en-la-rua-cuauhtemoclvaro-obregon-20140923-61660.html,niña,chih
Soñó de niña ser gobernadora de su estado,https://laopcion.com.mx/local/sono-de-nina-ser-gobernadora-de-su-estado-20220429-384380.html,niña,chih
Descubre niña huella de dinosaurio en playa de gales,https://laopcion.com.mx/nacional/descubre-nina-huella-de-dinosaurio-en-playa-de-gales-20210201-306834.html,niña,chih
Muere niña de 13 años en accidente automovilístico en Madera,https://laopcion.com.mx/noticias/muere-nina-de-13-anos-en-accidente-automovilistico-en-madera-20150526-94102.html,niña,chih
Rescatan a niña que cayó en noria de 25 metros de profundidad,https://laopcion.com.mx/nacional/rescatan-a-nina-que-cayo-en-noria-de-25-metros-de-profundidad-20231223-450341.html,niña,chih
Tienen Catalina y el Príncipe Guillermo una niña,https://laopcion.com.mx/amp/espectaculos/tienen-catalina-y-el-principe-guillermo-una-nina-20150502-91287.html,niña,chih
Ataca jaguar a niña en rancho del Km 31 a Juárez,https://laopcion.com.mx/local/ataca-jaguar-a-nina-en-rancho-del-km-31-a-juarez-20231114-446980.html,niña,chih
Destaca en Ascensión niña atleta de 10 años,https://laopcion.com.mx/nuevo-casas-grandes/destaca-en-ascension-nina-atleta-de-10-anos-20230929-441662.html,niña,chih
Solicitan ayuda para localizar a niña de 10 años desaparecida en ...,https://laopcion.com.mx/local/solicitan-ayuda-para-localizar-a-nina-de-10-anos-desaparecida-en-chihuahua-20230606-429057.html,niña,chih
Rescatan a niña perdida en el bosque; la cuidaron sus perritos,https://laopcion.com.mx/nacional/rescatan-a-nina-perdida-en-el-bosque-la-cuidaron-sus-perritos-20230923-440927.html,niña,chih
Conmemora el DIF Municipal el Día Internacional de la Niña,https://laopcion.com.mx/parral/conmemora-el-dif-municipal-el-dia-internacional-de-la-nina-20221011-404258.html,niña,chih
Localizan sana y salva a niña con reporte de extravío en Creel,https://www.laopcion.com.mx/local/localizan-sana-y-salva-a-nina-con-reporte-de-extravio-en-creel-20231117-447265.html,niña,chih
"Michelle, la niña mexicana que estudiará medicina a sus 10 años",https://laopcion.com.mx/viral/michelle-la-nina-mexicana-que-estudiara-medicina-a-sus-10-anos-20220723-394352.html,niña,chih
"Video: llora niña, fan número 1 de Neymar, por su lesión",https://laopcion.com.mx/noticias/video-llora-nina-fan-numero-1-de-neymar-por-su-lesion-20140705-48897.html,niña,chih
Esperaba andrea escalona una niña - La Opción de Chihuahua,https://laopcion.com.mx/espectaculos/esperaba-andrea-escalona-una-nina-20220808-396056.html,niña,chih
A diario una niña es embarazada en Chihuahua,https://laopcion.com.mx/local/a-diario-una-nina-es-embarazada-en-chihuahua-20191021-251493.html,niña,chih
Separan del cargo a directora y maestra tras muerte de niña en kínder,https://laopcion.com.mx/nacional/separan-del-cargo-a-directora-y-maestra-tras-muerte-de-nina-en-kinder-20230902-438412.html,niña,chih
Llega niña de 6 años a su casa de la escuela cubierta de chupetones,https://laopcion.com.mx/nacional/llega-nina-de-6-anos-a-su-casa-de-la-escuela-cubierta-de-chupetones-20211113-359945.html,niña,chih
Atropella a niña de 4 años - La Opción de Chihuahua,https://laopcion.com.mx/policial/atropella-a-nina-de-4-anos-20220920-401414.html,niña,chih
Está de regreso el fenómeno climático la niña,https://laopcion.com.mx/nacional/esta-de-regreso-el-fenomeno-climatico-la-nina-20211018-355402.html,niña,chih
Trasladan a texas a niña quemada de delicias,https://laopcion.com.mx/delicias/trasladan-a-texas-a-nina-quemada-de-delicias-20211230-367266.html,niña,chih
Es niña primer bebé nacida en 2023 en Chihuahua,https://laopcion.com.mx/local/es-nina-primer-bebe-nacida-en-2023-en-chihuahua-20230101-412838.html,niña,chih
Piden ayuda para localizar a niña de 4 años desaparecida en Juárez,https://laopcion.com.mx/noticias/piden-ayuda-para-localizar-a-nina-de-4-anos-desaparecida-en-juarez-20150407-88417.html,niña,chih
Jefa de la Policía Cibernética atropella con su troca a una niña,https://laopcion.com.mx/juarez/jefa-de-la-policia-cibernetica-atropella-con-su-troca-a-una-nina-20240402-459453.html,niña,chih
Cuida niña a sus hermanos luego que su papá muriera mientras ...,https://laopcion.com.mx/nacional/cuida-nina-a-sus-hermanos-luego-que-su-papa-muriera-mientras-dormia-20210930-352330.html,niña,chih
Desaparece niña tras salir a jugar en la colonia Nuevo Milenio,https://laopcion.com.mx/local/desaparece-nina-tras-salir-a-jugar-en-la-colonia-nuevo-milenio-20240815-470495.html,niña,chih
Recibe niña descarga eléctrica en parque - La Opción de Chihuahua,https://laopcion.com.mx/local/recibe-nina-descarga-electrica-en-parque-20240903-471988.html,niña,chih
Muere niña al tropezar frente a autobús escolar en colorado,https://laopcion.com.mx/nacional/muere-nina-al-tropezar-frente-a-autobus-escolar-en-colorado-20220307-377244.html,niña,chih
Gana niña de Cuauhtémoc concurso nacional El niño y la Mar,https://laopcion.com.mx/noticias/gana-nina-de-cuauhtemoc-concurso-nacional-el-nino-y-la-mar-20160728-145828.html,niña,chih
Motociclista atropella a niña y huye - La Opción de Chihuahua,https://laopcion.com.mx/policial/motociclista-atropella-a-nina-y-huye-20230511-426613.html,niña,chih
Exhiben amenazas de Morena contra niña con discapacidad,https://laopcion.com.mx/elecciones-2024/exhiben-amenazas-de-morena-contra-nina-con-discapacidad-20240520-463621.html,niña,chih
Se ahoga niña de 11 años en dique de Ciudad Juárez,https://laopcion.com.mx/noticias/se-ahoga-nina-de-11-anos-en-dique-de-ciudad-juarez-20130922-7423.html,niña,chih
Liberan a papás de niña que murió en hospital; deceso fue por ...,https://laopcion.com.mx/policial/liberan-a-papas-de-nina-que-murio-en-hospital-deceso-fue-por-causa-natural-20230711-432552.html,niña,chih
Discriminan a niña invidente en cine por acompañarse de perro guía,https://laopcion.com.mx/nacional/discriminan-a-nina-invidente-en-cine-por-acompanarse-de-perro-guia-20221106-407089.html,niña,chih
Fallece niña al chocar su cuatrimoto - La Opción de Chihuahua,https://laopcion.com.mx/policial/fallece-nina-al-chocar-su-cuatrimoto-20220203-372757.html,niña,chih
Reconocen a bombero que salvó a niña que se asfixiaba,https://laopcion.com.mx/juarez/reconocen-a-bombero-que-salvo-a-nina-que-se-asfixiaba-20201212-299290.html,niña,chih
Sufrió convulsiones niña antes de fallecer ahogada en balneario,https://laopcion.com.mx/policial/sufrio-convulsiones-nina-antes-de-fallecer-ahogada-en-balneario-20150404-88078.html,niña,chih
Capacitan a chihuahuenses en erradicar violencia de género,https://laopcion.com.mx/local/capacitan-a-chihuahuenses-en-erradicar-violencia-de-genero-20240311-457411.html,violencia+de+género,chih
Respalda diputada a La China Frías por violencia de género,https://laopcion.com.mx/local/respalda-diputada-a-la-china-frias-por-violencia-de-genero-20241212-479777.html,violencia+de+género,chih
Imparten conferencias sobre consecuencias de la violencia de género,https://laopcion.com.mx/local/imparten-conferencias-sobre-consecuencias-de-la-violencia-de-genero-20240314-457683.html,violencia+de+género,chih
Buscan historias de mujeres supervivientes de violencia de género,https://www.laopcion.com.mx/local/buscan-historias-de-mujeres-supervivientes-de-violencia-de-genero-20240830-471616.html,violencia+de+género,chih
Judicializan 40 carpetas por delitos de violencia de genero,https://laopcion.com.mx/local/judicializan-40-carpetas-por-delitos-de-violencia-de-genero-20240216-455088.html,violencia+de+género,chih
Realizan pláticas para evitar la violencia de género,https://laopcion.com.mx/local/realizan-platicas-para-evitar-la-violencia-de-genero-20240929-474008.html,violencia+de+género,chih
Mantienen 16 días de activismo contra la violencia de género,https://laopcion.com.mx/local/mantienen-16-dias-de-activismo-contra-la-violencia-de-genero-20231201-448444.html,violencia+de+género,chih
Capacitan al Ministerio Público sobre violencia de género,https://laopcion.com.mx/parral/capacitan-al-ministerio-publico-sobre-violencia-de-genero-20240926-473763.html,violencia+de+género,chih
Prioridad legislar contra la violencia de género: Rosana Díaz,https://laopcion.com.mx/local/prioridad-legislar-contra-la-violencia-de-genero-rosana-diaz-20231129-448254.html,violencia+de+género,chih
Realizan manifestación contra la violencia de género frente a Palacio,https://laopcion.com.mx/local/realizan-manifestacion-contra-la-violencia-de-genero-frente-a-palacio-20231124-447817.html,violencia+de+género,chih
Capacitan al Órgano Interno de Control Municipal sobre violencia ...,https://laopcion.com.mx/local/capacitan-al-rgano-interno-de-control-municipal-sobre-violencia-de-genero-20231130-448335.html,violencia+de+género,chih
Presentan resultados de atención a alertas de Violencia de Género,https://laopcion.com.mx/local/presentan-resultados-de-atencion-a-alertas-de-violencia-de-genero-20231103-445808.html,violencia+de+género,chih
Trabaja FEM para cumplir con la alerta de violencia de género,https://laopcion.com.mx/local/trabaja-fem-para-cumplir-con-la-alerta-de-violencia-de-genero-20240705-467146.html,violencia+de+género,chih
No daremos un paso atrás en la lucha contra la violencia de género,https://laopcion.com.mx/local/no-daremos-un-paso-atras-en-la-lucha-contra-la-violencia-de-genero-20240203-453945.html,violencia+de+género,chih
Invitan a denunciar la violencia de género en la página web Juntas ...,https://laopcion.com.mx/local/invitan-a-denunciar-la-violencia-de-genero-en-la-pagina-web-juntas-por-ti-20240412-460395.html,violencia+de+género,chih
Gobierno de Sheinbaum inicia con alerta por violencia de género ...,https://laopcion.com.mx/nacional/gobierno-de-sheinbaum-inicia-con-alerta-por-violencia-de-genero-en-22-estados-20241012-475093.html,violencia+de+género,chih
Sufre una de cada tres mujeres en el mundo violencia de género,https://laopcion.com.mx/nacional/sufre-una-de-cada-tres-mujeres-en-el-mundo-violencia-de-genero-20231125-447899.html,violencia+de+género,chih
La violencia de género debilita a México: Manuel Velasco,https://laopcion.com.mx/nacional/la-violencia-de-genero-debilita-a-mexico-manuel-velasco-20230724-433893.html,violencia+de+género,chih
Presentan agenda nacional de mujeres contra violencia de género,https://laopcion.com.mx/juarez/presentan-agenda-nacional-de-mujeres-contra-violencia-de-genero-20240208-454392.html,violencia+de+género,chih
"Brindan atención por violencia de género en Cuauhtémoc, Guerrero ...",https://laopcion.com.mx/local/brindan-atencion-por-violencia-de-genero-en-cuauhtemoc-guerrero-y-bocoyna-20240419-461091.html,violencia+de+género,chih
Realizan actividad para concientizar sobre la violencia de género,https://laopcion.com.mx/local/realizan-actividad-para-concientizar-sobre-la-violencia-de-genero-20231127-448092.html,violencia+de+género,chih
Unen esfuerzos titulares de la Comisión Interinstitucional para la ...,https://laopcion.com.mx/local/unen-esfuerzos-titulares-de-la-comision-interinstitucional-para-la-atencion-de-la-violencia-de-genero-20240305-456813.html,violencia+de+género,chih
Buscan generar conciencia sobre la violencia de género en escuelas,https://laopcion.com.mx/local/buscan-generar-conciencia-sobre-la-violencia-de-genero-en-escuelas-20230907-438954.html,violencia+de+género,chih
Emprende Pensiones Civiles acciones para concientizar acerca de ...,https://laopcion.com.mx/local/emprende-pensiones-civiles-acciones-para-concientizar-acerca-de-la-violencia-de-genero-20231124-447848.html,violencia+de+género,chih
"Brindan atención por violencia de género en Cuauhtémoc, Guerrero ...",https://laopcion.com.mx/local/brindan-atencion-por-violencia-de-genero-en-cuauhtemoc-guerrero-y-bocoyna-20240419-461091.html,violencia+de+género,chih
Crea TSJ Tribunal Especializado Contra Violencia de Género,https://laopcion.com.mx/local/crea-tsj-tribunal-especializado-contra-violencia-de-genero-20231207-448999.html,violencia+de+género,chih
Concientizan sobre violencia de género en comunidades rurales,https://laopcion.com.mx/local/concientizan-sobre-violencia-de-genero-en-comunidades-rurales-20230818-436444.html,violencia+de+género,chih
"Realizan conferencia ""Comunicar con perspectiva de género""",https://laopcion.com.mx/juarez/realizan-conferencia-34comunicar-con-perspectiva-de-genero34-20241126-478640.html,violencia+de+género,chih
Participan más de mil estudiantes de Cobach en pláticas de ...,https://laopcion.com.mx/local/participan-mas-de-mil-estudiantes-de-cobach-en-platicas-de-violencia-de-genero-20241106-477051.html,violencia+de+género,chih
La violencia de género debilita a México: Manuel Velasco,https://laopcion.com.mx/nacional/la-violencia-de-genero-debilita-a-mexico-manuel-velasco-20230724-433893.html,violencia+de+género,chih
Capacitan a personal de maquiladora sobre violencia de género y ...,https://laopcion.com.mx/juarez/capacitan-a-personal-de-maquiladora-sobre-violencia-de-genero-y-cultura-de-la-paz-20240928-473935.html,violencia+de+género,chih
Lanzan campaña Somos tu Red de Apoyo contra la violencia de ...,https://laopcion.com.mx/local/lanzan-campana-somos-tu-red-de-apoyo-contra-la-violencia-de-genero-20231124-447810.html,violencia+de+género,chih
Capacitan a estudiantes de preparatoria contra violencia de género,https://laopcion.com.mx/juarez/capacitan-a-estudiantes-de-preparatoria-contra-violencia-de-genero-20241026-476203.html,violencia+de+género,chih
Crea TSJ Tribunal Especializado Contra Violencia de Género,https://laopcion.com.mx/local/crea-tsj-tribunal-especializado-contra-violencia-de-genero-20231207-448999.html,violencia+de+género,chih
Aprueban dictamen para prevenir violencia de género en ...,https://www.laopcion.com.mx/local/aprueban-dictamen-para-prevenir-violencia-de-genero-en-espectaculos-20230726-434056.html,violencia+de+género,chih
Instalan modulo de información sobre violencia de género y familiar ...,https://laopcion.com.mx/juarez/instalan-modulo-de-informacion-sobre-violencia-de-genero-y-familiar-en-cobalep-3-20240912-472740.html,violencia+de+género,chih
Capacitan a policías para ser instructores sobre violencia de género,https://laopcion.com.mx/local/capacitan-a-policias-para-ser-instructores-sobre-violencia-de-genero-20240424-461504.html,violencia+de+género,chih
Corresponden 60% de denuncias al Ceav a delitos de violencia de ...,https://laopcion.com.mx/local/corresponden-60-de-denuncias-al-ceav-a-delitos-de-violencia-de-genero-20231126-448011.html,violencia+de+género,chih
Urgen reducir brechas y discriminación por razón de género,https://laopcion.com.mx/local/urgen-reducir-brechas-y-discriminacion-por-razon-de-genero-20241125-478544.html,violencia+de+género,chih
Concientizan con actividades sobre la eliminación de la violencia ...,https://laopcion.com.mx/local/concientizan-con-actividades-sobre-la-eliminacion-de-la-violencia-de-genero-20231211-449311.html,violencia+de+género,chih
Concientizan con actividades sobre la eliminación de la violencia ...,https://laopcion.com.mx/local/concientizan-con-actividades-sobre-la-eliminacion-de-la-violencia-de-genero-20231211-449311.html,violencia+de+género,chih
Ofrecen ayuda a victimas de violencia de género en los Cavim,https://laopcion.com.mx/local/ofrecen-ayuda-a-victimas-de-violencia-de-genero-en-los-cavim-20240305-456803.html,violencia+de+género,chih
Checa el decreto de la Ley Vicaria que votarán en el Congreso,https://laopcion.com.mx/local/checa-el-decreto-de-la-ley-vicaria-que-votaran-en-el-congreso-20240811-470156.html,violencia+de+género,chih
Brindan pláticas sobre violencia de género al Escuadrón Rosa,https://laopcion.com.mx/local/brindan-platicas-sobre-violencia-de-genero-al-escuadron-rosa-20230901-438248.html,violencia+de+género,chih
Alarma a ONU Mujeres alza en casos de violencia de género,https://laopcion.com.mx/nacional/alarma-a-onu-mujeres-alza-en-casos-de-violencia-de-genero-20221210-410825.html,violencia+de+género,chih
Imparten plática sobre violencia de género - La Opción de Chihuahua,https://laopcion.com.mx/juarez/imparten-platica-sobre-violencia-de-genero-20230211-417141.html,violencia+de+género,chih
Capacita FEM en temas de violencia de género a personal,https://laopcion.com.mx/policial/capacita-fem-en-temas-de-violencia-de-genero-a-personal-20230803-434870.html,violencia+de+género,chih
Crearán escuadrón de policía para atender violencia familiar y de ...,https://laopcion.com.mx/local/crearan-escuadron-de-policia-para-atender-violencia-familiar-y-de-genero-20240122-452684.html,violencia+de+género,chih
Proponen programas de estudio para concientizar sobre violencia ...,https://laopcion.com.mx/nacional/proponen-programas-de-estudio-para-concientizar-sobre-violencia-de-genero-20220403-380916.html,violencia+de+género,chih
Invitan a denunciar situaciones de violencia de genero en Puntos ...,https://laopcion.com.mx/local/invitan-a-denunciar-situaciones-de-violencia-de-genero-en-puntos-naranja-20230621-430511.html,violencia+de+género,chih
Concluye Cejum 16 días de actividades contra violencia de genero,https://laopcion.com.mx/juarez/concluye-cejum-16-dias-de-actividades-contra-violencia-de-genero-20231209-449161.html,violencia+de+género,chih
Se une regidora a la campaña Me Pinto los Labios de Rojo contra la ...,https://laopcion.com.mx/amp/local/se-une-regidora-a-la-campana-me-pinto-los-labios-de-rojo-contra-la-violencia-de-genero-20151125-115209.html,violencia+de+género,chih
Premian a los ganadores del concurso de carteles contra la ...,https://laopcion.com.mx/local/premian-a-los-ganadores-del-concurso-de-carteles-contra-la-violencia-de-genero-20231206-448906.html,violencia+de+género,chih
Participa alcaldesa en conversatorio de violencia contra mujeres,https://laopcion.com.mx/local/participa-alcaldesa-en-conversatorio-de-violencia-contra-mujeres-20201107-294312.html,violencia+de+género,chih
Fortalece Instituto Municipal de las Mujeres alianza con la FEM para ...,https://laopcion.com.mx/juarez/fortalece-instituto-municipal-de-las-mujeres-alianza-con-la-fem-para-atender-violencia-de-genero-20231101-445628.html,violencia+de+género,chih
Defiende secretario de desarrollo social trabajo contra violencia de ...,https://laopcion.com.mx/local/defiende-secretario-de-desarrollo-social-trabajo-contra-violencia-de-genero-20141022-65824.html,violencia+de+género,chih
PT hace llamado a disminuir violencia contra la mujer,https://laopcion.com.mx/juarez/pt-hace-llamado-a-disminuir-violencia-contra-la-mujer-20241125-478536.html,violencia+de+género,chih
Imparten pláticas sobre violencia de género a usuarias del Cedefam ...,https://laopcion.com.mx/local/imparten-platicas-sobre-violencia-de-genero-a-usuarias-del-cedefam-punta-oriente-20230426-425162.html,violencia+de+género,chih
Firman convenio para prevención de violencia de género,https://laopcion.com.mx/local/firman-convenio-para-prevencion-de-violencia-de-genero-20230329-421924.html,violencia+de+género,chih
Capacitan a 23 empleados en atención a víctimas de violencia de ...,https://laopcion.com.mx/local/capacitan-a-23-empleados-en-atencion-a-victimas-de-violencia-de-genero-20221005-403483.html,violencia+de+género,chih
Inicia protocolo de intervención en casos de violencia de género,https://www.laopcion.com.mx/juarez/inicia-protocolo-de-intervencion-en-casos-de-violencia-de-genero-20230323-421249.html,violencia+de+género,chih
Invita Fiscalía a conferencia sobre protección a mujeres víctimas de ...,https://laopcion.com.mx/local/invita-fiscalia-a-conferencia-sobre-proteccion-a-mujeres-victimas-de-violencia-20161124-159003.html,violencia+de+género,chih
Capacitan sobre la no violencia contra la mujer a personal del IMSS,https://laopcion.com.mx/juarez/capacitan-sobre-la-no-violencia-contra-la-mujer-a-personal-del-imss-20230828-437678.html,violencia+de+género,chih
Policías investigadores de la FEM reciben capacitación en mejoras ...,https://laopcion.com.mx/juarez/policias-investigadores-de-la-fem-reciben-capacitacion-en-mejoras-a-la-alerta-de-violencia-de-genero-20231102-445728.html,violencia+de+género,chih
Reitera Municipio servicios de atención por violencia de género,https://laopcion.com.mx/local/reitera-municipio-servicios-de-atencion-por-violencia-de-genero-20230825-437299.html,violencia+de+género,chih
Plantea Immujeres reforzar transversalización de perspectiva de ...,https://laopcion.com.mx/juarez/plantea-immujeres-reforzar-transversalizacion-de-perspectiva-de-genero-en-2023-20221217-411523.html,violencia+de+género,chih
Imparte Immujeres diplomado de Atención Policial a la Violencia de ...,https://laopcion.com.mx/juarez/imparte-immujeres-diplomado-de-atencion-policial-a-la-violencia-de-genero-20230222-418098.html,violencia+de+género,chih
Aprueban la inclusión de la Violencia Vicaria en la Ley Estatal,https://laopcion.com.mx/local/aprueban-la-inclusion-de-la-violencia-vicaria-en-la-ley-estatal-20240712-467765.html,violencia+de+género,chih
Capacitan a empleados del IMDEJ sobre violencia de género,https://laopcion.com.mx/juarez/capacitan-a-empleados-del-imdej-sobre-violencia-de-genero-20230228-418776.html,violencia+de+género,chih
Se realiza panel sobre igualdad de género - La Opción de Chihuahua,https://laopcion.com.mx/local/se-realiza-panel-sobre-igualdad-de-genero-20140319-32187.html,violencia+de+género,chih
Concluyen operadoras del 911 curso Alerta Amber y Violencia de ...,https://laopcion.com.mx/local/concluyen-operadoras-del-911-curso-alerta-amber-y-violencia-de-genero-20240907-472264.html,violencia+de+género,chih
Últimos días para entrar a concurso de carteles contra la violencia ...,https://laopcion.com.mx/local/ltimos-dias-para-entrar-a-concurso-de-carteles-contra-la-violencia-de-genero-20231127-448060.html,violencia+de+género,chih
Cesan a cinco policías municipales por violencia de género y ...,https://laopcion.com.mx/local/cesan-a-cinco-policias-municipales-por-violencia-de-genero-y-extorsion-20230502-425927.html,violencia+de+género,chih
Nacen tribunales mixtos contra la violencia de género,https://laopcion.com.mx/juarez/nacen-tribunales-mixtos-contra-la-violencia-de-genero-20240922-473471.html,violencia+de+género,chih
EL TEVIOGEN - La Opción de Chihuahua,https://laopcion.com.mx/la-fuente-movil/el-teviogen-20240919-473203.html,violencia+de+género,chih
Capacitan a policías y cadetes para atender violencia de género,https://laopcion.com.mx/juarez/capacitan-a-policias-y-cadetes-para-atender-violencia-de-genero-20220928-402558.html,violencia+de+género,chih
Culpable de violencia de género empresario Salinas Pliego: INE,https://laopcion.com.mx/nacional/culpable-de-violencia-de-genero-empresario-salinas-pliego-ine-20230811-435750.html,violencia+de+género,chih
Avanzan en el protocolo Policial de Atención a Mujeres Víctimas de ...,https://laopcion.com.mx/juarez/avanzan-en-el-protocolo-policial-de-atencion-a-mujeres-victimas-de-la-violencia-de-genero-20231103-445878.html,violencia+de+género,chih
Cuenta IMM con certificado en primer contacto con víctimas de ...,https://laopcion.com.mx/local/cuenta-imm-con-certificado-en-primer-contacto-con-victimas-de-violencia-20240821-470933.html,violencia+de+género,chih
Brindan apoyo integral a víctima de violencia de género,https://laopcion.com.mx/local/brindan-apoyo-integral-a-victima-de-violencia-de-genero-20230124-415218.html,violencia+de+género,chih
Brindan apoyo integral a víctima de violencia de género,https://laopcion.com.mx/local/brindan-apoyo-integral-a-victima-de-violencia-de-genero-20230124-415218.html,violencia+de+género,chih
Capacitan a policías y cadetes para atender violencia de género,https://laopcion.com.mx/juarez/capacitan-a-policias-y-cadetes-para-atender-violencia-de-genero-20220928-402558.html,violencia+de+género,chih
"Inicia campaña de concientización Pon fin a la violencia, ¡Sal del ciclo!",https://laopcion.com.mx/local/inicia-campana-de-concientizacion-pon-fin-a-la-violencia-sal-del-ciclo-20141125-70702.html,violencia+de+género,chih
Emite Emma Saldaña Lobera un llamado a las autoridades para ...,https://laopcion.com.mx/local/emite-emma-saldana-lobera-un-llamado-a-las-autoridades-para-erradicar-violencia-de-genero-20190504-237482.html,violencia+de+género,chih
Exigen mujeres en todo el mundo el fin de la violencia machista y ...,https://laopcion.com.mx/nacional/exigen-mujeres-en-todo-el-mundo-el-fin-de-la-violencia-machista-y-de-la-impunidad-20240308-457159.html,violencia+de+género,chih
Cero tolerancia a discriminación y violencia de género en la UACH,https://laopcion.com.mx/local/cero-tolerancia-a-discriminacion-y-violencia-de-genero-en-la-uach-20230101-412851.html,violencia+de+género,chih
Invitan a participar en concurso de carteles contra de la violencia de ...,https://laopcion.com.mx/local/invitan-a-participar-en-concurso-de-carteles-contra-de-la-violencia-de-genero-20231020-444124.html,violencia+de+género,chih
Recibe FEM visita de seguimiento por parte de Conavim,https://laopcion.com.mx/local/recibe-fem-visita-de-seguimiento-por-parte-de-conavim-20231127-448085.html,violencia+de+género,chih
Imparten pláticas de violencia de género en asentamiento rarámuri ...,https://laopcion.com.mx/local/imparten-platicas-de-violencia-de-genero-en-asentamiento-raramuri-luna-azul-20230508-426362.html,violencia+de+género,chih
Evalúan acciones para frenar la violencia contra las mujeres,https://www.laopcion.com.mx/amp/juarez/evaluan-acciones-para-frenar-la-violencia-contra-las-mujeres-20241202-479069.html,violencia+de+género,chih
Capacitan a funcionarios del Municipio en prevención de violencia ...,https://laopcion.com.mx/local/capacitan-a-funcionarios-del-municipio-en-prevencion-de-violencia-de-genero-20221201-409885.html,violencia+de+género,chih
Invitan a participar en concurso de carteles contra de la violencia de ...,https://laopcion.com.mx/local/invitan-a-participar-en-concurso-de-carteles-contra-de-la-violencia-de-genero-20231020-444124.html,violencia+de+género,chih
Recibe FEM visita de seguimiento por parte de Conavim,https://laopcion.com.mx/local/recibe-fem-visita-de-seguimiento-por-parte-de-conavim-20231127-448085.html,violencia+de+género,chih
Evalúan acciones para frenar la violencia contra las mujeres,https://www.laopcion.com.mx/amp/juarez/evaluan-acciones-para-frenar-la-violencia-contra-las-mujeres-20241202-479069.html,violencia+de+género,chih
Recuerdan a víctimas de violencia de género con ofrendas,https://laopcion.com.mx/nacional/recuerdan-a-victimas-de-violencia-de-genero-con-ofrendas-20211102-357947.html,violencia+de+género,chih
Conoce las seis señales para identificar a la violencia vicaria,https://laopcion.com.mx/nacional/conoce-las-seis-senales-para-identificar-a-la-violencia-vicaria-20220723-394313.html,violencia+de+género,chih
Participa IMM en encuentro Violencia Contra las Mujeres,https://laopcion.com.mx/juarez/participa-imm-en-encuentro-violencia-contra-las-mujeres-20221129-409713.html,violencia+de+género,chih
Capacita Sspe a Policía Municipal de Camargo contra violencia de ...,https://laopcion.com.mx/delicias/capacita-sspe-a-policia-municipal-de-camargo-contra-violencia-de-genero-20240622-466208.html,violencia+de+género,chih
Prevenir la violencia contra la mujer debe ser permanente: alcalde,https://laopcion.com.mx/juarez/prevenir-la-violencia-contra-la-mujer-debe-ser-permanente-alcalde-20230828-437679.html,violencia+de+género,chih
Capacitan a policías en Atención de Violencia Contra Mujeres,https://laopcion.com.mx/juarez/capacitan-a-policias-en-atencion-de-violencia-contra-mujeres-20230405-422818.html,violencia+de+género,chih
